sound_id,ground_truth,prediction,prediction_score,is_correct
100007,is-p,is-p,0.780524833579612,True
100279,ss-n,ss-n,0.6534630398769711,True
100457,sp-p,sp-p,0.725113933194227,True
100842,ss-i,ss-i,0.4701094327838919,True
10097,fx-h,sp-s,0.9591392171680466,False
10102,sp-s,sp-s,0.952787360925973,True
101059,sp-p,sp-p,0.9482793777749929,True
101233,fx-el,fx-ex,0.5011680386565955,False
10125,sp-s,sp-s,0.9253655961317364,True
10126,sp-s,sp-s,0.9384239239373334,True
101331,fx-v,fx-v,0.744357934194412,True
10135,sp-s,sp-s,0.9460032642574348,True
101412,ss-n,ss-n,0.7423280601226867,True
101553,fx-o,fx-o,0.6726188454073034,True
101572,fx-o,fx-o,0.8681391969825734,True
101731,sp-s,sp-p,0.6067131364913254,False
101903,m-sp,m-sp,0.9460164722451603,True
102007,m-sp,m-sp,0.9446639061776203,True
102099,sp-c,sp-c,0.8725007915404468,True
102105,fx-h,fx-h,0.9463576636068514,True
102113,fx-n,fx-n,0.9335863829014329,True
102308,sp-p,sp-p,0.6203291200578944,True
102378,m-sp,m-sp,0.9463128601220756,True
102390,m-sp,m-sp,0.9279694367768634,True
102437,fx-h,fx-h,0.945937479563986,True
102533,m-sp,m-sp,0.9497324507291992,True
102553,ss-n,fx-a,0.756903055809252,False
102849,ss-n,ss-n,0.8162476766442932,True
103373,fx-v,fx-o,0.39434022262094326,False
103561,fx-n,fx-n,0.8564434760240678,True
104003,fx-o,fx-o,0.9360352574659615,True
10434,is-p,is-p,0.9522208439338863,True
104484,ss-n,ss-n,0.8107474389805699,True
104498,m-sp,m-sp,0.8936339791935056,True
104552,ss-i,ss-u,0.3713290106664283,False
104650,ss-n,ss-n,0.6185733896505198,True
104714,sp-s,sp-s,0.9549809898298124,True
104815,fx-o,fx-o,0.9510546427178698,True
105083,ss-u,ss-u,0.4750250468622831,True
105274,ss-u,ss-u,0.4918760813446905,True
105277,fx-h,fx-h,0.9526739625366144,True
105436,is-e,is-e,0.8752090129082157,True
105459,is-e,is-e,0.8777532935921417,True
105468,is-e,is-e,0.8658783054962997,True
105473,is-e,is-e,0.8685393411993798,True
105478,is-e,is-e,0.7780688451617984,True
105622,is-e,is-e,0.8746077189198906,True
105645,is-e,is-e,0.8718567754956826,True
105659,is-e,is-e,0.8780457043851657,True
10570,is-p,is-p,0.941640186882627,True
10576,is-p,is-p,0.9468251186209544,True
105831,is-e,is-e,0.8713024952589625,True
105922,is-e,is-e,0.874805381262795,True
105933,is-p,is-e,0.8558410512840899,False
106435,sp-s,sp-s,0.9578014493368846,True
106438,sp-s,sp-s,0.9567224728426525,True
106449,sp-s,sp-s,0.9561602235134103,True
10661,is-s,is-s,0.9814317116900446,True
106862,is-p,is-e,0.41159606279748384,False
107141,fx-el,fx-el,0.9308584699287538,True
10715,is-w,is-w,0.9112358107650701,True
10722,is-p,is-w,0.7078315450824102,False
107223,ss-u,fx-m,0.7015926824443977,False
107274,fx-m,fx-m,0.8174976771245065,True
1076,fx-ex,fx-ex,0.8002247842417358,True
1077,sp-p,fx-ex,0.7477813936022526,False
107728,sp-s,sp-s,0.9249233252680054,True
10773,is-w,is-w,0.9811819829651123,True
107737,sp-s,sp-s,0.9388124383990384,True
107823,ss-n,ss-n,0.8994980878395975,True
107960,m-m,m-m,0.49750123847925903,True
10810,is-w,is-w,0.983684004378173,True
108157,sp-s,sp-s,0.5372238871939968,True
108313,sp-s,sp-s,0.9594475571172907,True
108417,sp-p,sp-s,0.7140760126670151,False
108443,fx-o,fx-o,0.9579655855948982,True
108509,fx-n,fx-n,0.9395184035178354,True
108678,fx-n,fx-n,0.8970802051174888,True
108770,ss-n,ss-n,0.7339670950782613,True
108772,ss-n,ss-n,0.8827267018670947,True
10885,fx-o,is-w,0.9777201929595322,False
10896,is-w,is-w,0.9731448928279864,True
10897,is-w,is-w,0.9763613572990668,True
10899,is-w,is-w,0.9678131946166288,True
109087,ss-n,ss-n,0.5966707193949767,True
109122,fx-o,fx-o,0.9568159991980576,True
109192,fx-o,fx-n,0.8306380333245885,False
10942,is-w,is-w,0.9719097404905159,True
109483,fx-o,fx-o,0.9177195531709266,True
109566,fx-o,fx-o,0.9458936667338605,True
109845,sp-s,sp-s,0.9508099312892986,True
11007,fx-el,is-w,0.9813000109649945,False
110106,fx-v,fx-v,0.4265399295924831,True
110381,fx-v,ss-u,0.7477466989125628,False
11051,is-w,is-w,0.9765445420846282,True
111032,ss-n,ss-n,0.6196283678623614,True
111073,fx-a,fx-a,0.5052120429164841,True
111161,fx-h,fx-h,0.9705268103817692,True
111395,fx-n,fx-n,0.942678195290453,True
111646,m-sp,m-sp,0.9287008224341502,True
111789,is-e,is-e,0.8659687491558484,True
112289,fx-el,fx-ex,0.6810831026007156,False
112342,ss-i,ss-u,0.45163809569634167,False
112647,fx-o,fx-o,0.943805898229393,True
113090,sp-p,fx-ex,0.48477126959944516,False
113176,fx-n,fx-n,0.8105376520401981,True
113263,is-e,is-e,0.23177241002021912,True
11369,fx-ex,fx-ex,0.39581845055486226,True
113999,fx-v,fx-v,0.6822986488823715,True
114013,fx-ex,fx-ex,0.7319633776910047,True
114068,fx-v,ss-u,0.7484618772070248,False
114070,ss-i,ss-u,0.4621646110416838,False
114073,ss-u,ss-u,0.4618923206820262,True
114086,sp-p,sp-p,0.461135897191941,True
114088,sp-p,sp-p,0.863701872903843,True
114158,sp-p,sp-p,0.9041764467506181,True
114169,sp-p,sp-p,0.8064926773804979,True
114328,sp-p,sp-p,0.8730460253490797,True
114425,sp-p,sp-p,0.9417587465833333,True
114429,sp-p,sp-p,0.9285961065220709,True
114457,sp-p,sp-s,0.6857072842124692,False
11468,is-s,is-s,0.9833450126764053,True
11550,fx-o,fx-o,0.93693553989898,True
115537,ss-i,ss-u,0.23278211990174782,False
115567,sp-p,sp-p,0.9399360839360835,True
115569,sp-p,sp-p,0.9156794547606424,True
11566,fx-o,fx-a,0.7078363904084749,False
11608,sp-p,sp-p,0.9296388554014998,True
116223,fx-a,fx-a,0.6970840617029764,True
116428,ss-i,fx-o,0.7430789202538073,False
11646,is-k,is-k,0.9631951959145304,True
11653,is-k,is-k,0.9631521058022253,True
116617,m-sp,m-sp,0.9394762578497472,True
116706,fx-ex,m-si,0.8137637515738358,False
116893,is-w,is-w,0.9620774168945232,True
116921,is-w,is-w,0.9587543630169488,True
117894,fx-v,ss-u,0.7345041120389069,False
117946,fx-m,fx-m,0.5740958503684432,True
118379,m-si,m-si,0.722586390738084,True
118607,fx-o,fx-o,0.9136225589760458,True
118636,ss-i,ss-i,0.7017156375106246,True
11872,is-p,is-p,0.5033100395020488,True
118859,fx-a,ss-n,0.8528453938183962,False
11889,is-s,is-s,0.9830232050792687,True
119028,fx-h,fx-h,0.9673715750802284,True
119113,fx-n,fx-n,0.923190851354895,True
11923,is-s,is-s,0.9810047093275622,True
11926,is-s,is-s,0.9834318384454059,True
119281,is-w,is-w,0.9841309808840328,True
119320,is-w,is-w,0.9812320757511838,True
119459,fx-h,fx-h,0.9700614629855385,True
11963,is-s,is-s,0.9807092924951044,True
11965,is-s,is-s,0.9809368033455647,True
119658,is-w,is-w,0.9550308831101957,True
119680,is-w,is-w,0.9827606000186128,True
119726,fx-o,fx-o,0.8591313345780884,True
119764,fx-m,fx-m,0.8715035376493792,True
119844,fx-o,fx-o,0.9567950120622337,True
11990,is-s,is-s,0.9832598182534131,True
120027,fx-n,fx-n,0.709977643992224,True
120110,m-si,m-si,0.8853030945112514,True
120124,m-si,m-m,0.37320071874304656,False
120456,ss-s,ss-s,0.5148849540494209,True
120458,ss-s,is-e,0.7085545144609017,False
120666,sp-p,sp-p,0.9409398901969384,True
120675,sp-p,sp-p,0.9385954504672369,True
120757,fx-h,fx-h,0.9279472401420719,True
120823,ss-n,ss-n,0.9109509729511854,True
120903,m-m,m-m,0.932613068240944,True
121017,m-si,m-si,0.9119184422234861,True
121023,m-m,is-s,0.4211552171096359,False
121065,m-si,m-si,0.9107196951833328,True
121072,m-si,m-si,0.9074294189473848,True
121080,m-m,m-si,0.6290914262169611,False
121301,ss-n,ss-n,0.8762383253764284,True
121369,fx-ex,fx-o,0.5461957328904103,False
121560,sp-p,sp-p,0.8591483900856801,True
121567,fx-n,fx-n,0.7809255386085715,True
121573,fx-n,fx-n,0.8622875410619443,True
122672,is-e,is-k,0.6909438475263272,False
122823,fx-m,fx-o,0.4541655882842036,False
122997,ss-n,ss-n,0.7864398872743457,True
123039,fx-o,fx-o,0.7543819894641073,True
123399,ss-u,ss-u,0.8545941301080215,True
123691,ss-u,ss-u,0.8477508263927185,True
123720,ss-n,ss-n,0.6024125030574747,True
123812,sp-s,sp-s,0.947183991073994,True
124022,fx-h,fx-h,0.9138893039313152,True
1242,m-si,m-si,0.9154873401441119,True
124534,fx-o,fx-o,0.940767925439055,True
124720,fx-n,fx-n,0.9346543158235248,True
125063,fx-o,fx-o,0.9583232660741083,True
125065,fx-o,fx-o,0.8822188178781764,True
125271,is-p,is-p,0.5287903661157622,True
125344,fx-m,fx-o,0.7621953730936475,False
125372,m-si,m-si,0.8912795637817302,True
125812,ss-u,ss-u,0.8794001063177473,True
126040,fx-n,fx-n,0.5814071987012837,True
126186,ss-n,ss-n,0.6621273759069934,True
126334,ss-u,ss-u,0.8865520760059866,True
126392,fx-o,fx-m,0.5550953252987505,False
126535,sp-p,sp-p,0.8113118191046572,True
126542,m-sp,m-sp,0.23368719914653902,True
126543,m-m,m-m,0.9441704184407852,True
12672,m-si,m-si,0.7940132865660231,True
126759,ss-u,ss-u,0.5385675812517761,True
126762,fx-v,ss-u,0.40583176308219376,False
126853,ss-i,ss-u,0.700074026799238,False
127163,is-k,is-k,0.7201004489712368,True
127234,fx-v,fx-v,0.6463553687745524,True
127251,ss-u,ss-u,0.6233767637941601,True
127279,fx-m,ss-u,0.5606881569259744,False
127285,fx-v,fx-v,0.526645939814123,True
127307,ss-u,ss-u,0.3283548912582751,True
127338,m-sp,m-sp,0.931580971952959,True
127340,ss-u,ss-u,0.8663398006794184,True
127357,ss-u,ss-u,0.6075515557007403,True
127511,fx-m,fx-m,0.8101957752469839,True
127562,fx-n,fx-n,0.7180563537215605,True
12760,is-e,is-e,0.8404424085652836,True
127621,fx-n,fx-n,0.9395928782449386,True
12765,is-e,is-e,0.8366126030466434,True
12771,is-e,is-e,0.8481695635091471,True
12784,is-e,is-e,0.8560328478650133,True
128005,ss-u,ss-u,0.7182647737636432,True
128309,ss-u,sp-c,0.4524109210332704,False
128712,ss-u,fx-n,0.8346997183124325,False
12873,fx-o,fx-o,0.9190366259125842,True
128833,is-s,is-s,0.9823720336429342,True
128841,is-s,is-s,0.9818730917931683,True
12886,fx-o,fx-o,0.9195659091989989,True
128940,ss-n,ss-n,0.4948859972099469,True
12927,is-e,fx-el,0.6323945353640209,False
12974,m-si,m-si,0.8447357688162688,True
130015,fx-v,fx-v,0.5520604732711796,True
130042,fx-o,fx-o,0.9564551935783218,True
13015,m-si,m-sp,0.49888505132316263,False
130650,fx-ex,m-si,0.32447213148065746,False
130703,sp-p,sp-p,0.9455773677664915,True
130715,sp-p,sp-p,0.9408938849893179,True
131016,fx-o,fx-o,0.9527842955743668,True
132010,fx-v,fx-v,0.6108209066181448,True
132031,ss-u,ss-u,0.8469559372424191,True
132047,fx-n,fx-n,0.934758762705641,True
132110,ss-u,ss-u,0.8736462230298632,True
13252,is-p,is-p,0.9602717322429447,True
13277,is-k,is-k,0.8880693678162439,True
132802,fx-h,fx-h,0.9594956690611625,True
132803,fx-h,fx-h,0.9611675316235759,True
13296,is-k,is-k,0.6980554634983485,True
132989,ss-i,sp-c,0.5040970447030272,False
133095,sp-c,sp-c,0.4510265930930015,True
133270,is-w,is-s,0.730260488298754,False
13361,is-k,is-k,0.7473203024315705,True
13364,is-k,is-k,0.7873051643291656,True
133670,fx-n,fx-n,0.9333302292940708,True
133674,fx-h,fx-ex,0.889078945121069,False
133747,ss-u,ss-u,0.8784352022001356,True
134008,is-s,m-si,0.7176778580468349,False
134013,is-s,is-s,0.9355918599872638,True
13402,is-w,is-w,0.9818005726611793,True
13469,is-w,is-w,0.9829544538938746,True
134747,m-m,m-si,0.8403238213190278,False
13479,is-w,is-w,0.9834798240231818,True
13481,is-w,is-w,0.9832384857243532,True
134846,fx-n,fx-o,0.525980744332497,False
134970,fx-o,fx-h,0.5047268627687157,False
13533,fx-a,fx-a,0.5425427001984173,True
136032,is-p,is-p,0.963564181474241,True
13640,is-e,is-e,0.835847257235671,True
136401,fx-o,fx-o,0.9598809635332828,True
136540,fx-n,fx-n,0.9039353112181437,True
136605,fx-h,fx-h,0.9647830463166359,True
136992,sp-s,sp-s,0.4591538458704315,True
137232,fx-o,fx-o,0.9506317650298204,True
137463,is-p,is-p,0.966262333292849,True
137562,is-p,is-p,0.9658127545178339,True
137658,is-p,is-p,0.9654998478777033,True
13779,fx-n,fx-n,0.6120106161241692,True
137892,ss-u,ss-u,0.897834525403425,True
137908,sp-p,sp-p,0.9429784496684244,True
137910,sp-p,sp-p,0.9217620035485312,True
137919,sp-p,sp-p,0.9459160166067789,True
137936,sp-p,sp-p,0.9207383854732161,True
137946,sp-p,sp-p,0.9420872011155657,True
138125,fx-n,fx-n,0.8212435836022433,True
138202,fx-m,fx-m,0.8698237512174739,True
13864,is-p,is-p,0.9346921353903834,True
13872,is-p,is-p,0.936440994940434,True
138902,is-p,is-p,0.9653556017117797,True
139096,m-sp,m-si,0.6090665068164058,False
13925,is-p,fx-o,0.5085607449859995,False
14007,fx-o,fx-o,0.8267635735958908,True
140151,fx-m,fx-m,0.8956672155139038,True
140212,sp-s,sp-s,0.9552243482311592,True
14034,fx-o,fx-o,0.9370591589133456,True
140680,is-p,is-p,0.9609888288097249,True
140845,sp-c,ss-u,0.5751672189293617,False
141160,ss-u,ss-u,0.4775704564320197,True
141179,fx-v,fx-v,0.6687597328849656,True
141196,fx-h,fx-h,0.6107546482155859,True
1412,is-e,is-k,0.9632705404258874,False
141563,fx-o,fx-o,0.958728797501643,True
141689,m-sp,m-sp,0.9469277121774056,True
141992,sp-c,ss-u,0.8442561961427245,False
142246,is-p,is-p,0.9649036460470702,True
142305,fx-o,fx-o,0.8122321747012695,True
142622,fx-o,fx-o,0.9336850024243344,True
142677,is-p,is-p,0.9632770831795259,True
142692,is-p,is-p,0.9635449558884377,True
142697,is-p,is-p,0.9625820788995327,True
142821,is-p,is-p,0.9643085977928415,True
142826,is-p,is-p,0.9639996866115293,True
142862,is-p,is-p,0.9632966607913559,True
142867,is-p,is-p,0.9640345714072642,True
142880,is-p,is-p,0.9630688291317042,True
143467,is-p,is-p,0.9652463881761723,True
143613,fx-m,fx-m,0.6258764810110256,True
143958,ss-u,fx-h,0.9304966132593853,False
143963,ss-u,ss-u,0.7055807643476237,True
144059,fx-o,fx-o,0.9598021242119884,True
144076,fx-o,fx-o,0.8423881207793222,True
144260,fx-n,fx-n,0.9120345891637687,True
144325,sp-p,sp-p,0.9252093359179661,True
144326,sp-p,sp-p,0.9379014514943773,True
144334,sp-p,sp-p,0.9351945534224081,True
144480,m-sp,m-sp,0.9366134023881759,True
144510,fx-h,fx-h,0.8859739758814733,True
145488,fx-v,ss-u,0.4562715811779074,False
145535,fx-el,fx-m,0.26120267423419996,False
146001,is-p,is-p,0.9651755615234354,True
146257,fx-o,fx-o,0.9393001735830572,True
146274,sp-p,sp-p,0.32483213033870106,True
146335,fx-o,fx-o,0.9583828795847834,True
146542,is-p,is-p,0.9640573175794713,True
146544,is-p,is-p,0.9630336191143298,True
146553,is-p,is-p,0.9635463795564719,True
146569,is-p,is-p,0.9635868265065684,True
146610,is-p,is-p,0.9648031245722729,True
146613,is-p,is-p,0.9647375354086725,True
146620,is-p,is-p,0.9630439865206346,True
146623,is-p,is-p,0.9649147413193612,True
146625,is-p,is-p,0.9644463822807626,True
146676,is-p,is-p,0.9633184012455196,True
146771,fx-o,fx-o,0.9533640233180426,True
146853,ss-u,sp-p,0.33189078194853083,False
146858,ss-i,ss-i,0.6265337247410143,True
146942,fx-h,fx-h,0.9613507684753275,True
146945,m-sp,m-sp,0.93342877011265,True
146946,m-sp,m-sp,0.9482015657259671,True
147018,fx-o,fx-o,0.755844969787199,True
147096,sp-p,sp-p,0.9011019003381524,True
147100,sp-p,sp-p,0.8833016640354779,True
147110,sp-p,sp-p,0.917497147773824,True
147685,fx-a,fx-a,0.7938086847448698,True
147867,fx-o,fx-o,0.9586173092808202,True
147950,ss-i,ss-u,0.7244209994236344,False
148034,fx-n,fx-n,0.8223975009339821,True
148244,is-s,is-s,0.9825701225657355,True
148252,is-s,is-s,0.9827188144551016,True
148425,is-k,is-k,0.9635934251996003,True
148427,is-k,is-k,0.9637663577465577,True
148432,is-k,is-k,0.9650032926067414,True
148437,is-e,is-k,0.9652321051773164,False
148461,fx-n,fx-n,0.9160155677233206,True
148480,is-k,is-k,0.9654171916992244,True
148495,is-k,is-k,0.9636596303411004,True
148517,is-k,is-k,0.9618938825062553,True
148523,is-k,is-k,0.9638336687560285,True
148534,is-k,is-k,0.9633155027965807,True
148539,is-k,is-k,0.9637866172156432,True
148553,is-k,is-k,0.963335710413571,True
148589,is-k,is-k,0.9648059540728307,True
148594,is-k,is-k,0.9630917349205182,True
148598,is-k,is-k,0.9640430733533375,True
148611,m-si,m-si,0.9103691892359972,True
148813,ss-u,ss-i,0.6006267208403002,False
148814,ss-u,ss-u,0.3599475797441551,True
148941,ss-u,ss-u,0.6158563641553716,True
148945,fx-h,fx-h,0.9518880805964642,True
149011,ss-n,ss-n,0.8863655550517388,True
149284,m-si,m-si,0.9052347897706248,True
149326,fx-a,fx-a,0.7379051337076118,True
149369,ss-u,ss-u,0.8085097991141617,True
149395,m-sp,m-sp,0.47798722029461993,True
149807,m-sp,m-sp,0.9484732021585975,True
14986,fx-ex,fx-ex,0.8562169044274475,True
149942,ss-u,ss-u,0.8791670978722724,True
149946,sp-c,sp-c,0.5237533047692653,True
150166,fx-o,fx-o,0.8403007733779774,True
150271,ss-n,ss-n,0.8388378989175976,True
150406,ss-i,ss-i,0.5057668569928846,True
150409,ss-u,ss-u,0.45410303453271333,True
150465,is-p,is-p,0.9650578753208852,True
150534,ss-u,ss-u,0.4636030008122414,True
151045,is-p,is-p,0.9645284916794825,True
151210,ss-u,ss-u,0.8033759789138296,True
151354,m-m,m-sp,0.563117776050783,False
151446,fx-o,fx-o,0.9570829634661638,True
151598,ss-n,ss-n,0.8160293700603667,True
151738,fx-n,fx-n,0.9447739820979939,True
151744,fx-o,fx-m,0.8670529958908958,False
151994,fx-o,fx-o,0.9572441219673973,True
15222,ss-n,ss-n,0.8600385115586875,True
15224,ss-n,ss-n,0.8262596098350015,True
15230,ss-u,fx-h,0.38572512040169105,False
152344,ss-u,ss-u,0.8830981773668262,True
152370,ss-n,ss-n,0.8662944453703656,True
15239,fx-ex,fx-ex,0.8898047550562451,True
15246,fx-ex,fx-ex,0.8758367858051461,True
152548,fx-n,fx-n,0.922608282130058,True
15257,fx-ex,fx-ex,0.8759705375852465,True
152594,fx-o,fx-h,0.8516288193204555,False
152853,ss-u,fx-m,0.6232114278463661,False
152939,m-sp,m-sp,0.8465029118640389,True
153039,fx-o,fx-o,0.9255402052101701,True
153376,ss-n,ss-n,0.9045949560826413,True
153411,m-sp,m-sp,0.9377189572290534,True
153532,fx-h,fx-h,0.4820409618998692,True
153542,ss-u,ss-u,0.7343971557334795,True
153620,is-s,is-s,0.9844167295723862,True
15363,m-si,fx-ex,0.3532172097091212,False
153661,is-s,is-s,0.9826514479163876,True
153857,is-s,is-s,0.9828792421148463,True
153871,is-s,is-s,0.9798505751866784,True
153876,is-s,is-s,0.9833436432955391,True
153973,is-s,is-s,0.9845398750435944,True
154028,is-s,is-s,0.9845843062940502,True
154040,is-s,is-s,0.9817952594564835,True
154075,is-w,is-w,0.98365075310808,True
154105,is-w,is-w,0.9831701123324045,True
154288,is-w,is-w,0.9833844858763701,True
154295,is-w,is-w,0.9837224120006599,True
154315,is-w,is-w,0.983898304056785,True
154334,is-w,is-w,0.9839144371192233,True
155120,ss-u,ss-u,0.8684652131647018,True
155210,ss-u,ss-u,0.7636339689637182,True
155234,ss-u,ss-u,0.8964455811627501,True
155265,ss-u,ss-u,0.8493692825276209,True
155285,sp-c,sp-c,0.6306063658506754,True
155301,ss-i,ss-u,0.467433325349924,False
155639,ss-u,ss-u,0.7132112529262381,True
15568,ss-u,ss-u,0.8277247907286747,True
155707,ss-u,ss-u,0.8627466553374592,True
155747,ss-n,ss-n,0.8782909011504669,True
155770,ss-u,ss-u,0.49802109730757793,True
15607,fx-el,fx-el,0.7357929891353082,True
156183,fx-o,fx-o,0.9557725779718871,True
156185,fx-o,fx-o,0.9533557410280553,True
156641,fx-v,fx-v,0.8400298051774403,True
156668,ss-i,ss-u,0.3986231185219473,False
156704,sp-s,sp-s,0.9599633142091204,True
156705,sp-s,sp-s,0.9594329628763832,True
156712,sp-s,sp-s,0.9643726167418523,True
156716,sp-s,sp-s,0.9515703615204242,True
156719,sp-s,sp-s,0.9606249735995458,True
156730,sp-s,sp-s,0.9581258947592002,True
156735,sp-s,sp-s,0.9595038573755164,True
156784,sp-s,sp-s,0.954844398437898,True
156785,sp-s,sp-s,0.9642771821346459,True
156788,sp-s,sp-s,0.9635393377354063,True
156789,sp-s,sp-s,0.958964846040935,True
156798,sp-s,sp-s,0.9627901138674128,True
156800,sp-s,sp-s,0.9604703104370799,True
156811,sp-s,sp-s,0.9346377715772235,True
156816,fx-h,sp-s,0.9557200615950396,False
156820,sp-s,sp-s,0.9628946027778799,True
157018,fx-h,fx-h,0.8441154079977238,True
157195,fx-a,ss-n,0.8943563709324474,False
157223,sp-c,ss-u,0.6331790797267706,False
15728,fx-el,fx-el,0.9198193665897607,True
157475,ss-i,ss-i,0.7127505695230566,True
15749,fx-el,fx-el,0.9222254266471893,True
157491,ss-n,ss-n,0.860902918105215,True
157599,ss-u,ss-u,0.5742523305609282,True
157611,fx-m,fx-m,0.9041530121205937,True
157726,ss-n,ss-n,0.9004804545505515,True
157735,fx-n,fx-n,0.7215488144400889,True
15856,fx-ex,fx-ex,0.7274086286400137,True
158592,ss-u,ss-u,0.8694321860823419,True
158627,ss-u,ss-i,0.7183415601540697,False
158772,is-w,is-e,0.2592451079121806,False
158982,fx-n,fx-n,0.7733826725237247,True
15916,fx-h,fx-h,0.9641326193178189,True
159407,sp-c,sp-c,0.5843582806759293,True
159436,ss-u,ss-u,0.791119307438142,True
159777,fx-n,fx-n,0.801431850249184,True
160040,ss-u,ss-u,0.3942504872590132,True
160254,is-s,is-e,0.8709733748342405,False
160294,is-e,is-e,0.7191621956476656,True
160312,fx-ex,is-e,0.2204081182965441,False
160314,fx-ex,is-e,0.3757466358517781,False
160376,m-sp,m-sp,0.9426740695522191,True
16051,m-si,m-si,0.91480837482009,True
160532,ss-u,ss-u,0.5641140236448081,True
160743,fx-h,fx-h,0.9083890373104213,True
16102,fx-ex,fx-ex,0.7806950698799967,True
161235,m-sp,fx-o,0.4494124178926004,False
162025,sp-s,sp-s,0.784411750266962,True
16204,fx-h,fx-h,0.9700359492376169,True
162257,m-si,m-si,0.8728231571999941,True
16250,is-p,is-p,0.9647999858981752,True
162854,ss-i,ss-i,0.5861646658283797,True
162950,is-s,is-s,0.9561630669928547,True
162992,is-s,is-s,0.9824178562692548,True
163120,fx-n,fx-n,0.8923077602235148,True
163432,fx-n,ss-n,0.7514317036446309,False
163450,fx-o,fx-o,0.9561960535014473,True
163688,fx-a,fx-a,0.7079137188236525,True
163695,m-m,m-m,0.9380822158501967,True
16378,fx-o,fx-o,0.951729662541938,True
164057,fx-v,fx-v,0.662908072526899,True
164181,fx-m,fx-n,0.5132175526973661,False
164192,ss-u,ss-u,0.8439630732533885,True
16430,sp-s,sp-s,0.7700529756726527,True
16431,sp-s,sp-s,0.9487227579778658,True
164366,sp-p,fx-ex,0.665817539914997,False
164367,sp-p,fx-ex,0.658020452943027,False
164375,ss-u,ss-u,0.7571932852420924,True
164390,ss-s,ss-s,0.8537734943322113,True
164592,fx-n,fx-n,0.9420080466812062,True
164617,ss-u,ss-u,0.7497177262365456,True
164658,fx-o,fx-o,0.9574067613181614,True
164803,fx-o,fx-o,0.9573060460055448,True
164875,ss-n,fx-n,0.7138935611345643,False
165285,fx-n,fx-n,0.9161498258153579,True
165596,sp-s,sp-s,0.8534064084238905,True
165616,fx-h,fx-h,0.39327882845657686,True
166050,fx-h,fx-h,0.9648748597349608,True
166133,fx-h,fx-h,0.9580290266814726,True
166171,ss-u,ss-u,0.7880467733278106,True
166203,m-m,m-m,0.944718300123251,True
16625,ss-u,ss-u,0.864954583350481,True
16636,ss-n,ss-n,0.8037176368341653,True
166386,fx-n,ss-n,0.8254748987993515,False
166427,fx-n,fx-n,0.8543704911775878,True
166436,fx-h,fx-h,0.9641658836282568,True
16665,fx-h,fx-h,0.830502976162381,True
16671,fx-h,is-w,0.5596060159204594,False
166716,ss-u,ss-u,0.8817109712832867,True
166793,ss-u,ss-i,0.33137489672796916,False
166899,fx-a,fx-a,0.66804008729594,True
167064,ss-n,fx-n,0.8910102192482832,False
167179,m-sp,m-sp,0.9361458458062886,True
167180,m-sp,m-sp,0.9394865126098274,True
167181,m-sp,m-sp,0.928675650943185,True
167194,fx-o,fx-o,0.9583500679569973,True
167196,ss-s,ss-s,0.9429550760286128,True
167269,fx-o,fx-o,0.9585247601238702,True
167384,m-sp,m-sp,0.940496870869965,True
167448,sp-p,sp-p,0.6753294301411833,True
167550,m-si,m-si,0.8618870119501244,True
168028,fx-el,fx-o,0.7821174756166138,False
168058,fx-o,fx-o,0.9471414972836492,True
168157,ss-u,ss-u,0.8735704549403215,True
168303,sp-p,sp-p,0.7662942779084149,True
168305,sp-p,sp-p,0.8826818768484465,True
168484,fx-n,fx-n,0.6590911290356047,True
168769,m-sp,m-sp,0.9403511879199046,True
168811,fx-v,fx-v,0.5388161120161116,True
169053,fx-ex,sp-p,0.746675082521409,False
169102,ss-u,ss-u,0.5665007358640629,True
169131,ss-u,ss-u,0.6822678533217197,True
169544,fx-o,fx-o,0.8580540439616591,True
169678,fx-n,fx-n,0.8772158209173275,True
169693,ss-n,ss-n,0.4721246820465329,True
169729,sp-s,sp-s,0.9569478361515215,True
169760,sp-s,sp-s,0.9473384328717364,True
169944,fx-h,fx-h,0.9704444316748286,True
170102,m-si,m-si,0.8975146683131607,True
170313,m-si,m-si,0.9007227984027801,True
170466,fx-o,sp-s,0.5929842349680936,False
17057,fx-n,fx-n,0.8725053981859204,True
171046,m-si,m-si,0.9190243546471629,True
171194,sp-p,sp-p,0.9130132468898082,True
171200,sp-p,sp-p,0.863692197819854,True
17127,m-sp,m-sp,0.3818120030625404,True
171349,m-si,m-si,0.889558998993552,True
171464,fx-a,fx-a,0.8442896471197641,True
171608,ss-u,ss-u,0.8431167453994121,True
171647,fx-n,fx-n,0.9391849232516277,True
172314,m-si,m-m,0.8333957216235677,False
172322,m-m,m-m,0.9280592866798406,True
172588,sp-p,sp-p,0.9142204145359603,True
172593,sp-c,ss-u,0.7573244128289682,False
172711,fx-h,fx-h,0.9538815198054819,True
172743,fx-o,fx-o,0.9600029257234375,True
173110,fx-o,fx-o,0.9474731540721386,True
173193,sp-p,sp-p,0.7482834952892705,True
173601,fx-o,fx-o,0.9559234287841829,True
173692,is-k,is-k,0.9611992252660689,True
173756,is-k,is-k,0.962193789318671,True
173805,is-s,is-s,0.9815856765501758,True
173808,fx-ex,is-s,0.9750877435006637,False
173875,fx-m,fx-m,0.8757862263931127,True
173888,ss-u,ss-u,0.6978320140923084,True
173909,fx-n,fx-n,0.3908733388122003,True
174043,fx-v,fx-v,0.7541541825093964,True
174135,is-p,is-p,0.9634651399216796,True
174168,is-p,is-p,0.9601178913282398,True
174368,sp-s,sp-s,0.9559818062947164,True
174776,fx-h,fx-h,0.9653412451709021,True
17486,ss-u,fx-a,0.7176866046815509,False
174860,ss-n,ss-n,0.47333082777169244,True
175143,fx-v,ss-u,0.6294877719535817,False
175401,fx-o,fx-o,0.946299234099768,True
17546,fx-n,ss-n,0.7142425586512924,False
176132,sp-c,ss-u,0.6545548042622513,False
176589,fx-n,fx-n,0.9255949164126325,True
176883,is-p,is-p,0.8987070065736601,True
177137,fx-o,fx-o,0.9556221031232426,True
17737,fx-h,fx-h,0.9679889926663787,True
178423,fx-v,fx-v,0.5273823374709471,True
178669,fx-o,fx-o,0.948116288684768,True
178825,ss-i,ss-u,0.5322761922897314,False
178849,sp-s,sp-s,0.9101478894406974,True
179315,fx-h,fx-h,0.9343267961698251,True
179337,ss-n,ss-n,0.79357304739448,True
179601,ss-i,ss-i,0.6418836287225664,True
179874,fx-h,fx-h,0.9658006937989961,True
179924,fx-h,fx-h,0.9231096151681223,True
179990,fx-h,fx-h,0.9664270945179064,True
180305,fx-h,fx-h,0.9632061336593182,True
18047,fx-n,ss-n,0.7505656604355031,False
18054,fx-h,fx-h,0.8398349032625003,True
180542,fx-n,fx-n,0.6081704855877924,True
18073,ss-u,ss-u,0.8795236416008028,True
181896,fx-v,fx-n,0.9391978155064173,False
181919,fx-n,fx-o,0.7805333344812817,False
181928,ss-u,ss-i,0.35876838383305804,False
182524,ss-n,ss-n,0.6157413468132403,True
182557,m-si,m-si,0.9141380046948843,True
182800,ss-u,ss-u,0.8638942007480104,True
18281,fx-h,fx-h,0.9636868470233235,True
182935,is-s,is-s,0.9818138950125148,True
182951,is-s,is-s,0.9814150178341388,True
182992,is-s,is-s,0.9808856329701451,True
183058,is-s,is-s,0.9812650699347618,True
183180,fx-h,fx-h,0.9113860642946404,True
183346,m-sp,m-sp,0.940076444736668,True
183408,m-si,m-si,0.16389189892595074,True
183597,m-sp,m-sp,0.9461964838786872,True
183661,m-sp,m-sp,0.9402158180002808,True
183750,is-s,is-s,0.9791641343355557,True
184203,fx-h,fx-h,0.9701269007939441,True
184416,fx-h,fx-h,0.9605107955083337,True
184490,sp-s,sp-s,0.9612628130760232,True
184617,fx-h,fx-h,0.9406463268189826,True
184635,ss-u,ss-u,0.8868512451517402,True
18471,is-s,is-s,0.9833415286230363,True
185061,ss-i,fx-o,0.8848430204452475,False
18557,m-m,m-si,0.8059317176889419,False
185733,fx-o,fx-o,0.9505138438446881,True
18660,is-p,is-p,0.962053545490566,True
186773,m-si,m-si,0.8828750646189988,True
18707,m-si,m-si,0.8717131441529764,True
18714,m-si,m-si,0.7292081592405577,True
18716,m-sp,m-sp,0.7226937443985167,True
187284,fx-o,fx-o,0.9515622411963683,True
187359,sp-s,sp-s,0.9668911112432486,True
18755,fx-a,fx-a,0.7661180296746648,True
187595,ss-n,ss-n,0.8979748943685071,True
187705,fx-o,fx-o,0.9531483281539621,True
187863,fx-m,fx-m,0.7493240178280155,True
187938,fx-o,ss-u,0.6696194949082022,False
18807,fx-n,fx-n,0.8394759221776612,True
188089,fx-v,fx-v,0.7952837321799078,True
188465,fx-n,fx-n,0.9352410190402034,True
188477,ss-u,ss-u,0.6583798047330955,True
188488,sp-s,sp-s,0.9488675633765651,True
1888,m-sp,m-m,0.7412980669196976,False
18884,m-si,m-si,0.7894867947952424,True
189237,fx-n,fx-n,0.7072479513676633,True
189360,sp-s,sp-s,0.9611102712148174,True
189428,sp-s,sp-s,0.9578935784161795,True
189488,sp-s,sp-s,0.9488128033654328,True
189697,ss-u,ss-u,0.7067080917615491,True
189743,sp-s,sp-s,0.954453408840396,True
189822,fx-h,sp-c,0.45574374711134097,False
190101,fx-n,fx-n,0.9327974314849239,True
190627,fx-h,fx-h,0.9701582000653263,True
19069,m-sp,m-sp,0.8865754837792498,True
190697,fx-n,fx-n,0.6914650258456801,True
190699,ss-u,fx-n,0.6219534138268045,False
191392,sp-p,sp-p,0.7186586871721936,True
19153,fx-h,fx-h,0.9695519977969935,True
19155,fx-h,fx-h,0.9648231077850606,True
191733,m-sp,sp-s,0.41205463528319675,False
191916,fx-h,fx-h,0.8724322878508731,True
191920,fx-h,fx-h,0.8813618790982709,True
191960,m-si,m-si,0.924749430766655,True
192057,fx-o,fx-o,0.9459642653170937,True
192092,ss-n,ss-u,0.5578776759569946,False
192245,m-m,m-m,0.8326834273909274,True
192348,m-sp,m-sp,0.7381212668010442,True
19345,ss-u,fx-v,0.5638447813978009,False
193670,m-sp,m-sp,0.9478022431571101,True
193675,sp-s,sp-p,0.4869765342205275,False
193818,fx-ex,sp-p,0.4944955396187911,False
193844,fx-o,fx-o,0.5469275889456754,True
193864,fx-o,fx-o,0.6771204383902605,True
193974,fx-o,fx-o,0.9522621286034338,True
194303,fx-m,fx-m,0.30552652610396314,True
194460,fx-h,fx-h,0.9669881792510079,True
195219,sp-s,sp-s,0.8799167561697923,True
195282,is-s,is-s,0.9838685724567773,True
195343,sp-p,m-si,0.2807080493942527,False
195862,ss-u,ss-u,0.8256832308219476,True
195990,fx-o,fx-o,0.8750221058891874,True
196060,fx-h,fx-h,0.964827915361754,True
196066,fx-h,fx-h,0.9662672168771683,True
196069,fx-h,fx-h,0.9669921694207695,True
196071,fx-h,fx-h,0.9684808823264186,True
196923,is-k,is-k,0.9525960850729481,True
197122,ss-i,ss-i,0.460151268169443,True
197223,fx-el,fx-el,0.8167242148068234,True
1977,m-sp,m-sp,0.8709644510912546,True
198251,fx-h,fx-h,0.9647649072692136,True
198262,fx-h,fx-h,0.9677179900534043,True
199037,m-sp,m-sp,0.9350571762634672,True
199113,m-sp,m-sp,0.7862388455830052,True
199154,m-sp,m-sp,0.902391361310195,True
199203,m-sp,m-sp,0.888230976725867,True
199227,m-sp,m-sp,0.9296209420990241,True
199230,m-sp,m-sp,0.787103100917306,True
199297,fx-n,fx-n,0.9317827674154969,True
199492,fx-n,fx-n,0.888006642389074,True
200039,is-p,is-p,0.9626903548407292,True
200381,sp-s,sp-s,0.9275264811190833,True
200887,m-si,m-m,0.5434511842557586,False
20093,fx-o,fx-o,0.9560899058331429,True
20190,ss-u,ss-n,0.5424843524035347,False
201990,fx-o,fx-o,0.9585491461319016,True
202019,fx-n,fx-n,0.7531755677946343,True
203111,fx-o,fx-o,0.9546662009185581,True
203164,ss-i,ss-i,0.6337937391997845,True
204179,is-w,is-w,0.9821419672643726,True
20453,m-sp,m-sp,0.9102204373653169,True
205079,fx-o,fx-o,0.9463803937638154,True
20530,fx-v,fx-v,0.8023285669870027,True
20620,fx-el,fx-ex,0.7226369809655916,False
20630,fx-ex,fx-ex,0.780213212856331,True
207488,fx-o,fx-o,0.8764735961345739,True
207523,fx-o,fx-o,0.9565608790133115,True
208109,m-sp,m-sp,0.9363727874649606,True
208848,fx-a,ss-n,0.7295212297539788,False
209045,ss-n,ss-n,0.705921459765251,True
209413,sp-s,sp-s,0.9564506633352335,True
21063,fx-n,fx-n,0.8395959146539275,True
210650,is-p,is-p,0.9633227187127644,True
210734,sp-s,sp-s,0.47759099607014593,True
211096,fx-n,fx-o,0.5564543350466848,False
211499,fx-h,fx-h,0.8874335718096548,True
211528,fx-h,fx-h,0.9654947751209184,True
212050,fx-o,fx-o,0.943618129926848,True
21211,m-si,m-si,0.3332196605212475,True
212397,fx-m,fx-m,0.887055945372184,True
212787,fx-n,fx-n,0.9451787797497074,True
212988,is-w,is-w,0.974273934896725,True
213032,fx-n,fx-n,0.7781358529101742,True
21335,is-p,is-p,0.9584765239897545,True
21336,is-p,is-p,0.9578136328195128,True
213375,fx-ex,fx-ex,0.6157050568824693,True
214369,fx-el,m-si,0.8185728374722032,False
214485,m-si,m-si,0.8625857442417567,True
214512,m-m,m-m,0.3577801248669731,True
214589,m-si,m-si,0.8662690765242861,True
214609,m-sp,m-si,0.8152237179743407,False
214617,m-sp,m-si,0.8554386850841251,False
214622,m-sp,m-si,0.7888736435623085,False
214689,fx-o,fx-o,0.9569403085142236,True
21560,fx-v,fx-v,0.6464686657033719,True
215749,fx-o,fx-o,0.9547745628340681,True
216009,fx-o,ss-u,0.4617863339453147,False
216369,fx-ex,fx-h,0.7226518764462927,False
21747,fx-h,fx-h,0.967022638248071,True
21874,ss-i,ss-i,0.5084128882528658,True
218831,fx-h,fx-h,0.5024793538920975,True
218869,fx-h,fx-h,0.9626647639108168,True
21890,fx-a,fx-a,0.6129792875031623,True
218988,fx-o,fx-h,0.6085301180759888,False
219473,fx-n,fx-n,0.9084257903731837,True
219784,sp-p,sp-s,0.4833265366545242,False
220539,m-sp,m-sp,0.9393776123059544,True
220568,m-si,m-si,0.9028763658068542,True
220586,m-sp,m-sp,0.9241285699911799,True
22084,fx-o,fx-o,0.9415613417967827,True
22099,fx-m,fx-m,0.8621870840286991,True
22109,fx-a,fx-a,0.49369948202430836,True
221567,fx-h,fx-h,0.9667330690531448,True
221599,sp-s,sp-s,0.9519091110238002,True
221843,m-m,m-sp,0.8031271816619237,False
222204,is-p,is-p,0.9634352322864265,True
222341,is-p,is-p,0.9624243668782115,True
222461,m-sp,m-sp,0.6236849925610672,True
223272,m-m,m-m,0.931639047279113,True
223294,ss-u,ss-n,0.45650480399535986,False
223420,fx-o,fx-o,0.8621552081390147,True
225092,is-p,is-p,0.920344385609589,True
22717,fx-m,fx-m,0.7395938815459528,True
22865,fx-n,fx-n,0.5815372390169631,True
22889,ss-i,ss-u,0.555461123625227,False
22906,m-si,m-si,0.9276483928140575,True
22955,ss-s,ss-s,0.894051631785808,True
23019,fx-m,fx-m,0.4489933126615952,True
23078,m-m,m-m,0.9423322946668524,True
231490,m-si,m-si,0.8884138184541847,True
231642,m-sp,m-sp,0.6452610857793728,True
232176,fx-o,fx-o,0.9566715824965872,True
232499,fx-n,fx-n,0.6162044786069212,True
232618,m-si,m-si,0.5059608249280888,True
232624,is-e,m-sp,0.5202930293099921,False
232634,m-si,m-si,0.4197977074796653,True
232929,fx-o,fx-o,0.9482426880841617,True
23306,fx-el,m-sp,0.9356739465241498,False
234035,sp-s,sp-s,0.9567332685907177,True
234092,fx-n,fx-n,0.9238833814669537,True
234987,sp-s,sp-s,0.9595943643752189,True
234994,sp-s,sp-s,0.9550450003314571,True
235190,is-s,is-s,0.5161514008288378,True
23561,m-m,m-sp,0.8546622971893603,False
235671,fx-m,fx-m,0.8800485259498391,True
23574,ss-u,ss-u,0.3526249298994109,True
23586,is-p,is-p,0.6613764753781668,True
236386,sp-s,sp-s,0.9548867431173654,True
236392,sp-s,sp-s,0.9617524265231652,True
236418,sp-p,sp-s,0.9589113370627489,False
236423,sp-s,sp-s,0.959466769356822,True
236429,sp-s,sp-s,0.9544297959444605,True
236475,sp-s,sp-s,0.9591566632384074,True
236492,sp-s,sp-s,0.9527156885616451,True
236563,sp-s,sp-s,0.9517767307819923,True
236565,sp-s,sp-s,0.9548695033459838,True
236636,sp-s,sp-s,0.9448782116714172,True
236641,sp-s,sp-s,0.9581549826242753,True
236643,sp-s,sp-s,0.9585167798419476,True
236654,sp-s,sp-s,0.9512987789709463,True
236657,sp-s,sp-s,0.9201072025583045,True
236668,sp-s,sp-s,0.9397955635108503,True
236680,sp-s,sp-s,0.9610782594886155,True
236786,sp-c,sp-c,0.6513639324954777,True
237351,fx-h,fx-h,0.9654794755456241,True
237682,ss-u,fx-h,0.8792947131791913,False
237730,ss-n,fx-n,0.7618936746077141,False
238394,fx-o,fx-o,0.9453682998308744,True
238638,fx-h,fx-h,0.971347796384858,True
23867,is-k,is-k,0.958397586867255,True
23868,is-k,is-k,0.9613994174481757,True
238932,m-si,m-si,0.8237642450185296,True
239058,m-m,m-m,0.8536826575112817,True
239077,m-sp,m-sp,0.939274359651949,True
239202,fx-m,fx-m,0.8430562429701384,True
23923,is-s,is-s,0.9803250438735951,True
239513,is-e,is-e,0.8286141587270579,True
239664,is-s,is-s,0.9795767773875564,True
239671,is-s,is-s,0.9800534276847707,True
239791,is-s,is-s,0.9793721315171015,True
240097,m-sp,m-sp,0.9484854429524748,True
240138,is-p,m-sp,0.8275255865253051,False
240280,fx-o,fx-o,0.9574946681137314,True
240856,fx-h,fx-h,0.9683654876815939,True
241210,fx-o,fx-o,0.9205833012295604,True
241497,fx-h,fx-h,0.9638151456054178,True
241512,fx-h,fx-h,0.9570583428951714,True
241574,fx-h,fx-h,0.9653740698229006,True
24160,ss-s,fx-ex,0.6354642515476299,False
24184,fx-ex,fx-ex,0.6369471513473093,True
241921,fx-v,ss-u,0.7385690370173336,False
241924,ss-i,ss-u,0.7526896033768808,False
242688,sp-s,sp-s,0.9283610885916337,True
24282,is-s,is-s,0.979032139711777,True
242931,fx-h,fx-h,0.9661545521700635,True
242981,fx-n,fx-n,0.8845349304923854,True
24314,sp-s,sp-s,0.9525722623036502,True
243350,m-sp,m-sp,0.9488150329891948,True
2434,m-m,m-si,0.790412118032162,False
243553,fx-n,fx-n,0.930889906639875,True
243630,fx-o,fx-o,0.9567126634522612,True
244012,sp-p,sp-p,0.940814259026974,True
244339,m-sp,m-sp,0.9370580560491376,True
244500,fx-h,fx-h,0.9695218639005082,True
244968,fx-o,fx-o,0.9115637103464692,True
245064,is-e,is-e,0.5488859681329027,True
245075,is-k,is-k,0.5507380840308389,True
245204,fx-o,fx-o,0.9530344136666684,True
245523,sp-s,sp-s,0.9160353572461253,True
245639,fx-h,fx-h,0.9685091932945348,True
245676,fx-h,fx-h,0.9535342484531881,True
24598,is-e,is-e,0.8529335335877569,True
246061,m-sp,m-sp,0.5496002354410104,True
246067,m-si,m-si,0.7337242215458849,True
246304,fx-h,sp-s,0.7579730254132013,False
24642,ss-n,ss-n,0.4016419505499164,True
246699,is-w,is-w,0.9838535796794285,True
246703,is-w,is-w,0.9843382114373892,True
246887,is-s,is-s,0.9841428168090591,True
246937,is-w,is-w,0.9841149944980405,True
246958,is-w,is-w,0.9843249035434412,True
246968,is-w,is-w,0.9844889267144673,True
247019,is-w,is-w,0.9845077669961085,True
247117,is-w,is-w,0.9841670215015412,True
247121,is-w,is-w,0.9833262119272087,True
247128,is-w,is-w,0.983782184574806,True
247179,is-w,is-w,0.9834186400478628,True
247182,is-w,is-w,0.9840690873005817,True
247272,is-w,is-w,0.9843675992071234,True
247391,is-w,is-w,0.9836439742116185,True
247492,is-s,is-s,0.9839460196532727,True
247510,is-s,is-s,0.9839382549685102,True
247511,is-s,is-s,0.9837315856482833,True
247575,is-s,is-s,0.9842008672938405,True
247605,is-s,is-s,0.9834550459062195,True
24769,m-si,m-si,0.3519020252519492,True
247735,is-s,is-s,0.9810742224611972,True
247757,is-s,is-s,0.9828213962129395,True
247776,is-s,is-s,0.9839933292908369,True
247967,is-s,is-s,0.9841153526478434,True
247989,is-s,is-s,0.9846362483185483,True
24810,is-p,m-sp,0.6487885175503338,False
248117,m-m,m-m,0.9443438140444778,True
248422,is-w,is-w,0.9841399885346958,True
248423,is-w,is-w,0.9845141132211133,True
248436,is-w,is-w,0.9837584172742556,True
248745,is-w,is-w,0.9839578330714914,True
248915,is-w,is-w,0.9827800847371272,True
249158,fx-o,fx-o,0.9517350601098794,True
249469,m-sp,m-sp,0.9409752211449863,True
25042,fx-o,ss-i,0.3266950369166127,False
25068,fx-v,fx-v,0.7147735322210519,True
250705,fx-o,fx-o,0.9547931455276121,True
251046,is-s,is-s,0.9804294879761228,True
252376,m-m,m-m,0.943451154674803,True
252377,m-si,m-si,0.808178553107461,True
252424,m-m,m-m,0.9418433983408393,True
252469,m-si,m-si,0.8543874879313951,True
252490,m-si,m-si,0.8492438135255819,True
252502,m-si,m-si,0.759982326504903,True
252631,m-si,m-si,0.6720556527323351,True
25278,fx-h,fx-h,0.7058836666944511,True
25298,fx-el,ss-i,0.5474138898130557,False
2531,ss-n,fx-n,0.8215700736440805,False
253250,is-k,is-k,0.9545849907646442,True
253636,sp-s,sp-s,0.5332683185222967,True
253772,fx-h,fx-h,0.9528629749031303,True
254337,sp-s,sp-s,0.8962877663943558,True
254570,m-sp,m-sp,0.9504524889386129,True
254621,m-sp,m-sp,0.9500365381843832,True
254644,m-m,m-m,0.741334463294874,True
25485,m-si,m-si,0.907398305924507,True
254952,fx-m,fx-o,0.6572002417106824,False
255648,fx-o,fx-o,0.7860466089899056,True
255812,m-si,m-si,0.910372737004435,True
25610,is-p,is-p,0.954896281698146,True
25636,is-p,is-e,0.6612885614224153,False
256423,is-s,is-s,0.9719751044271495,True
256557,sp-s,sp-s,0.9452206506281406,True
256579,fx-o,fx-o,0.9582525546728418,True
256886,sp-p,sp-p,0.7233064586587231,True
25698,is-p,is-p,0.9636515392347282,True
257483,m-sp,m-sp,0.9333331425477848,True
257864,sp-c,sp-s,0.6941987441114316,False
257865,sp-c,sp-c,0.7529115547893193,True
257867,ss-u,sp-c,0.6441378359431326,False
258038,fx-o,fx-o,0.9506825917596246,True
260802,fx-h,fx-h,0.9673810896141475,True
260919,m-m,m-m,0.6217515505143143,True
261193,m-sp,m-sp,0.9468800158071081,True
261199,m-sp,m-sp,0.9160380824248321,True
261413,is-p,is-p,0.9624769967349117,True
26213,fx-v,fx-v,0.7714002017993792,True
26219,fx-h,fx-h,0.9535247799312643,True
262213,fx-m,fx-m,0.8638650282713639,True
262326,fx-m,fx-m,0.5149606154066756,True
262426,fx-h,fx-h,0.6473805889551182,True
26269,ss-u,m-m,0.9284555918810753,False
26270,m-m,m-m,0.7490258784544004,True
262957,fx-h,fx-h,0.9642967426675859,True
262975,fx-h,fx-h,0.9697326519939807,True
263052,fx-o,fx-o,0.9564470475312106,True
263078,fx-o,fx-o,0.7551984890786774,True
263153,fx-n,fx-n,0.9015168382781669,True
2636,m-si,m-si,0.9188297318372687,True
263750,m-si,m-si,0.7603996155105037,True
264097,fx-n,fx-n,0.9434399370723117,True
264152,fx-o,fx-o,0.9341364914922945,True
26464,m-m,m-m,0.9333531379828164,True
26501,is-e,is-e,0.8633553133175103,True
265290,is-p,fx-h,0.919344868394175,False
265312,fx-o,fx-o,0.901932510507069,True
26537,is-p,is-p,0.9642193819455971,True
26550,is-p,is-p,0.9605288328723042,True
26557,is-p,is-p,0.9515631291653385,True
26559,is-p,is-p,0.952437927466339,True
26588,is-e,is-p,0.888812730490017,False
26600,is-e,is-p,0.9172199413329576,False
266484,is-e,is-s,0.9797513032745089,False
267486,fx-o,fx-o,0.9377968889829358,True
267501,fx-o,fx-o,0.9559064885455051,True
268011,sp-s,sp-s,0.8487135744328722,True
268795,fx-a,fx-a,0.7753774363847246,True
268844,fx-m,fx-m,0.888403215070035,True
269007,fx-n,fx-n,0.9391956452800774,True
26941,sp-s,sp-s,0.9590714324586829,True
26942,sp-s,sp-s,0.9601302694544233,True
269478,fx-h,fx-h,0.960444047074251,True
269547,m-si,m-si,0.9285945319852761,True
269552,m-si,m-si,0.9280648867177709,True
270130,m-m,m-m,0.8392139655542852,True
270470,fx-h,fx-h,0.8748164463647378,True
2705,m-m,m-sp,0.6857727148176408,False
270602,m-si,m-si,0.9174525871266999,True
270706,m-sp,m-sp,0.9391596059192636,True
270718,m-si,m-si,0.9170561671872297,True
270741,m-si,m-si,0.9189326935599912,True
270753,m-sp,m-sp,0.9324205633022642,True
270815,fx-o,fx-o,0.9539040491380334,True
27132,ss-u,ss-u,0.888157715852634,True
2714,m-m,m-sp,0.7790496849749031,False
272192,sp-c,fx-h,0.4909879375668645,False
272421,fx-o,fx-o,0.9583299863056816,True
273050,sp-s,sp-s,0.9555819793154843,True
273593,m-si,m-si,0.8557121649679615,True
273787,is-p,is-p,0.9619733412159762,True
274451,m-si,m-si,0.9178031420641496,True
274480,fx-m,fx-m,0.6593342436394154,True
274866,sp-p,sp-p,0.9364198892902971,True
274877,fx-n,fx-n,0.8228013299618995,True
27491,fx-a,fx-a,0.4957489045481938,True
2750,fx-el,fx-el,0.8057053836995289,True
275071,fx-el,fx-o,0.685379996354154,False
275178,m-si,m-si,0.7302005504891557,True
275422,m-si,m-si,0.9052152847583234,True
276057,is-s,is-s,0.9588841123441805,True
276113,fx-o,fx-o,0.9547719078881511,True
276217,fx-o,fx-o,0.9581350815326962,True
276826,is-p,is-p,0.9480142354847692,True
27689,ss-u,ss-u,0.8751234572185671,True
276894,sp-s,sp-s,0.928443958593899,True
276934,m-si,m-si,0.8141388257087827,True
27694,m-sp,m-sp,0.9209480601045688,True
277547,fx-h,fx-h,0.9575900247353448,True
278107,fx-h,fx-h,0.9365523465314307,True
27872,sp-s,sp-s,0.9641490930795182,True
28165,ss-u,ss-u,0.8320674071854904,True
28209,fx-h,fx-h,0.900036582768019,True
28261,fx-v,ss-u,0.8542958470583317,False
28316,is-e,is-e,0.8358727698335086,True
28541,fx-o,fx-o,0.937567104622061,True
28557,is-k,is-k,0.9620215613267357,True
28561,is-k,is-k,0.9617778716141187,True
28562,is-k,is-k,0.9604190818224474,True
28568,is-k,is-k,0.9624211424886566,True
28574,is-k,is-k,0.9584648405499084,True
28577,is-k,is-k,0.9590605079161539,True
28599,is-k,is-k,0.9571662171089812,True
28604,is-k,is-k,0.9598487414815619,True
28616,is-k,is-k,0.9604182260214275,True
28620,is-e,is-k,0.9600736890477414,False
28621,is-k,is-k,0.9569427486665602,True
28648,fx-n,fx-n,0.9005141086399056,True
28671,fx-ex,fx-ex,0.8474825833720342,True
28721,is-p,is-p,0.9642493559479505,True
28726,is-p,is-p,0.965233464993068,True
28756,is-p,is-p,0.9623167242690907,True
28758,is-p,is-p,0.8772168996811207,True
28851,fx-el,fx-el,0.9212732194085127,True
28856,fx-el,fx-el,0.6028745984554222,True
288930,fx-o,fx-o,0.9574495491647863,True
28915,fx-el,is-e,0.8380531884709175,False
28934,fx-el,fx-el,0.9242042425692165,True
28970,fx-el,fx-el,0.898950215153139,True
28977,fx-el,fx-el,0.8901076789583436,True
28983,fx-el,fx-el,0.9286004175706907,True
28994,fx-el,fx-el,0.9274018401511676,True
29018,is-p,fx-el,0.8813850828470677,False
29157,fx-el,fx-el,0.9287946204533775,True
29178,fx-el,fx-el,0.9320397368620243,True
29217,fx-el,fx-el,0.9321053572123585,True
29221,fx-el,fx-el,0.9286834106534148,True
29288,fx-el,fx-el,0.9219626049524259,True
29471,fx-el,fx-el,0.9269896025657127,True
29503,fx-el,fx-el,0.9292858096094914,True
29530,fx-n,fx-n,0.629653970697563,True
2974,is-e,is-e,0.6670012815891118,True
29893,fx-o,fx-o,0.9559301794217404,True
29916,fx-o,fx-o,0.9575004685960475,True
29955,sp-s,sp-s,0.9476771165913759,True
30045,fx-h,fx-h,0.9668779612367923,True
30133,fx-h,fx-h,0.9382526124810555,True
30136,is-s,is-s,0.9792132278639821,True
30192,m-si,m-si,0.6552472236638655,True
302523,m-si,m-si,0.9220345531819992,True
30307,ss-u,ss-u,0.7827756372534947,True
30324,m-m,m-m,0.89394752616851,True
30550,sp-s,sp-s,0.9622554588933765,True
30838,fx-v,fx-o,0.6376367939917013,False
30855,m-si,m-si,0.9161302954646244,True
31376,fx-o,fx-o,0.9563467999433829,True
31490,sp-p,sp-p,0.5531391282132002,True
315856,is-e,m-si,0.42727363461909806,False
315935,fx-h,fx-o,0.9373264283580006,False
315940,fx-h,fx-h,0.8244319822036253,True
316041,is-k,is-k,0.9627147899956515,True
31605,fx-h,fx-h,0.9659200914425952,True
316443,fx-h,fx-h,0.7453324306435616,True
31649,sp-p,sp-p,0.7715544398875742,True
31659,fx-ex,fx-ex,0.42323701338428305,True
316598,fx-n,fx-n,0.9440945476262159,True
316648,sp-s,fx-h,0.9214608825847762,False
316686,fx-n,fx-n,0.9055792263675176,True
3167,is-p,is-p,0.9612116052211197,True
316895,fx-n,fx-n,0.8412657880624528,True
31754,fx-n,ss-n,0.6224310085735887,False
31796,ss-u,fx-v,0.5300910029656356,False
31817,fx-o,fx-o,0.9563960332331553,True
31826,m-si,m-si,0.800765056649199,True
318555,fx-m,fx-m,0.550171937993601,True
318647,fx-o,fx-o,0.954010123900272,True
318838,fx-ex,fx-ex,0.8496593501314365,True
31973,ss-u,ss-u,0.8510669274112116,True
3202,fx-n,fx-n,0.9280841919726661,True
32151,fx-el,fx-ex,0.5107990307405276,False
32157,m-si,m-si,0.9192404336613299,True
32169,fx-h,sp-s,0.45254707609901407,False
321768,m-si,m-si,0.8849828139274752,True
32225,m-si,m-si,0.8204311933141162,True
323709,fx-h,fx-h,0.9689471883614296,True
324060,is-s,is-s,0.9789429997393956,True
324122,ss-i,fx-o,0.9363019597377453,False
324338,m-sp,m-sp,0.9401829562553712,True
324546,fx-n,fx-n,0.9169145293239527,True
324747,m-si,m-si,0.8706102681216663,True
324894,fx-h,fx-h,0.9638861899550765,True
32495,ss-i,sp-c,0.4224372279414125,False
325255,fx-o,fx-o,0.9451385588490904,True
325416,fx-o,fx-o,0.9533272038367617,True
32545,sp-p,sp-p,0.9329618438519015,True
32550,ss-n,ss-n,0.8814710881605178,True
325585,fx-o,fx-o,0.8795779630810282,True
32583,fx-o,fx-o,0.9577058328887305,True
325859,fx-o,fx-o,0.9568634282546136,True
3266,is-e,is-e,0.6004230328361634,True
3269,is-e,is-e,0.8099052648475027,True
326986,fx-o,fx-m,0.7472568451990568,False
327002,fx-h,fx-h,0.9527472448925323,True
327661,fx-o,fx-o,0.957609421531109,True
327912,fx-o,fx-o,0.9053890380800377,True
328039,fx-o,fx-o,0.8886485078314929,True
328049,fx-o,fx-o,0.9493704904686016,True
328287,m-sp,m-sp,0.8492464454486818,True
328288,m-sp,m-sp,0.9183406476402297,True
32836,sp-s,sp-s,0.9571231027440765,True
329649,sp-p,sp-p,0.8449522887477438,True
329780,fx-o,fx-o,0.9468184187414783,True
33000,fx-ex,fx-ex,0.8700614665801559,True
331143,m-m,m-m,0.9350614220469631,True
331158,fx-o,fx-o,0.9580469907513847,True
331230,m-si,m-si,0.8945031595247798,True
331428,fx-o,fx-o,0.9585670517320374,True
332047,sp-s,sp-s,0.9559809765711528,True
3321,is-e,is-e,0.7319779059127971,True
332302,fx-h,fx-h,0.9383456126964991,True
332303,fx-h,fx-h,0.9644311681503982,True
332315,fx-h,fx-h,0.9451849779362442,True
33257,ss-n,ss-n,0.8008446638682537,True
333360,sp-p,sp-s,0.9123068107839798,False
333420,fx-h,fx-h,0.8902546453852889,True
333610,is-p,is-p,0.7579582962244572,True
333862,fx-h,fx-h,0.9367472659991527,True
333957,m-si,m-si,0.8844921027957617,True
3345,is-e,is-e,0.7327788868638337,True
334538,is-k,is-k,0.9629494413922529,True
334648,fx-o,fx-m,0.8914915370224795,False
33477,m-si,m-si,0.8772020014317345,True
33481,fx-a,ss-n,0.5308235018230409,False
334915,fx-h,fx-h,0.955728833208741,True
334980,ss-i,ss-i,0.5858970797384263,True
334991,fx-o,fx-o,0.9585104545198051,True
335347,fx-m,fx-o,0.5908837865626246,False
33563,fx-h,fx-h,0.9665573068478779,True
335739,fx-o,fx-o,0.9595154178623206,True
335930,fx-o,fx-o,0.9469340612709889,True
33648,is-p,is-p,0.9607390111162164,True
33655,sp-s,sp-s,0.9239119030022028,True
336589,fx-o,fx-o,0.9515811226317321,True
336784,fx-v,fx-v,0.8278218271337112,True
336891,fx-el,fx-el,0.7963298900363893,True
33692,sp-s,sp-s,0.9571022951432496,True
33700,sp-c,sp-c,0.6278324223579,True
337126,is-p,m-si,0.5271555651261158,False
337164,fx-ex,fx-ex,0.8805616235301723,True
337721,fx-h,fx-h,0.9682867395562227,True
337723,fx-h,fx-h,0.9494942580821814,True
33791,ss-n,ss-n,0.8823704168196101,True
33903,sp-s,sp-s,0.9372873808136692,True
339613,m-sp,m-sp,0.9431226961358105,True
339645,fx-o,fx-o,0.4842894972793257,True
339901,fx-n,fx-n,0.7816149047624602,True
339935,ss-n,ss-n,0.7494289654599767,True
340048,fx-o,fx-o,0.41833217871916517,True
340520,fx-o,fx-o,0.9254253810557238,True
340564,fx-o,fx-o,0.9579098058873008,True
340594,fx-m,fx-m,0.61620232862989,True
340611,fx-o,fx-o,0.9572930019804735,True
340711,fx-m,fx-m,0.8398894587310822,True
34074,fx-a,fx-a,0.6695595868671573,True
341200,fx-m,fx-v,0.7727005471367556,False
341282,fx-ex,fx-h,0.7584171182044146,False
34134,is-p,m-sp,0.8152805713310014,False
341534,fx-o,fx-o,0.7686636822845099,True
34278,ss-s,ss-s,0.7193745909483406,True
3431,is-k,is-k,0.6592217451631934,True
343680,fx-ex,fx-m,0.28406707200320364,False
343939,fx-h,fx-h,0.966867335220795,True
343952,sp-p,sp-s,0.9109329168219871,False
345579,is-p,is-p,0.6742238149740454,True
34594,fx-a,fx-a,0.8582927877295733,True
345966,fx-o,fx-o,0.8588318840073107,True
3466,sp-p,sp-p,0.8335488624866821,True
34663,ss-s,m-si,0.39584747695449585,False
346682,sp-c,fx-h,0.9484339065128415,False
346956,is-k,is-k,0.944191144554235,True
347648,fx-o,fx-o,0.959370507608706,True
347816,fx-n,fx-n,0.9324420276367951,True
347862,fx-n,fx-n,0.924163415232297,True
348234,m-sp,m-sp,0.6442956538707596,True
348385,m-si,m-si,0.9197434255296966,True
348390,m-si,m-si,0.9179000400106438,True
348654,m-sp,m-sp,0.921483774264401,True
348872,is-p,is-p,0.9614468494157873,True
348873,is-p,is-p,0.9601997124818802,True
348887,is-p,is-p,0.9629301971846804,True
349286,fx-h,fx-h,0.7340396495799946,True
349289,fx-h,fx-h,0.8990953781557751,True
34978,ss-u,ss-u,0.7319860246015581,True
349847,fx-o,fx-o,0.9590233518165961,True
35010,fx-o,fx-o,0.9581497927621838,True
350334,m-m,m-m,0.8686122933501782,True
35034,sp-c,fx-h,0.9289959199495275,False
350448,sp-c,sp-c,0.8535219914901443,True
350679,fx-ex,fx-ex,0.8845975423120311,True
350993,fx-o,fx-n,0.5039329190274877,False
351173,fx-h,fx-h,0.8855074343522567,True
35129,ss-n,ss-n,0.8120483502922294,True
35139,ss-n,ss-n,0.6649789437151097,True
351598,fx-h,sp-c,0.2639068523276388,False
351970,m-m,m-si,0.793219245899224,False
352066,fx-o,fx-o,0.949380101137686,True
352331,fx-o,fx-o,0.8560509959798936,True
352379,fx-o,fx-o,0.9559837680134894,True
353036,fx-h,fx-h,0.6225398880616361,True
353483,is-s,is-s,0.9792833086373853,True
353550,fx-h,fx-ex,0.5197379922376164,False
353923,fx-h,fx-h,0.8744568464923063,True
354036,fx-h,fx-h,0.9629073220119686,True
354056,ss-u,ss-u,0.2888628353644052,True
354220,is-s,is-s,0.9832614918712803,True
354229,is-s,is-s,0.9835019090504338,True
354258,is-s,is-s,0.9836645750385277,True
354318,is-s,is-s,0.983811804715039,True
354341,is-s,is-s,0.9839115062365418,True
354393,is-w,is-w,0.9839950692872419,True
35441,m-si,m-si,0.7676767608177656,True
354453,is-w,is-w,0.9841678294671684,True
354510,is-w,is-w,0.9838882672255869,True
354516,is-w,is-w,0.9844751197474866,True
354581,is-w,is-w,0.9837947972668498,True
354694,is-w,is-w,0.9828176505807109,True
354736,is-w,is-w,0.9830780010659333,True
354794,is-w,is-w,0.9826911351732246,True
354860,is-w,is-w,0.9831769223470473,True
354892,is-w,is-w,0.9837218892917443,True
354904,is-w,is-w,0.9833318640812522,True
354929,is-w,is-w,0.9829532464659074,True
354999,is-w,is-w,0.9832277943809723,True
355106,is-w,is-w,0.9841072012212269,True
355233,is-w,is-w,0.983172632243486,True
355248,is-w,is-w,0.9829328094735261,True
355249,is-w,is-w,0.9806161255328758,True
355305,is-w,is-w,0.9838840862488667,True
355760,is-s,is-s,0.9834346289445325,True
355874,is-s,is-s,0.9733700638545197,True
356441,is-w,is-w,0.9843588660069529,True
356605,is-w,is-w,0.9842731227386146,True
356682,is-w,is-w,0.9839994939969483,True
356790,is-w,is-w,0.9846876065609711,True
356858,is-w,is-w,0.9837155511245058,True
356886,is-w,is-w,0.9825276732740141,True
357216,is-w,is-w,0.9825191051309016,True
357323,is-w,is-w,0.9844227696497423,True
357745,is-w,is-w,0.9810519689816575,True
357746,is-w,is-w,0.9813420168896027,True
357979,is-s,is-s,0.9836428814944591,True
358041,is-s,is-s,0.9828103572022646,True
358048,is-s,is-s,0.9835795847701112,True
358057,is-s,is-s,0.9830729568726779,True
358077,is-s,is-s,0.9834429129933348,True
358165,is-s,is-s,0.9809953381864307,True
358168,is-s,is-s,0.9821790514398983,True
358213,is-s,is-s,0.9835923203254634,True
358240,is-s,is-s,0.9842939166752274,True
358276,is-s,is-s,0.9844986821306924,True
358311,is-s,is-s,0.9841310346269074,True
358392,is-w,is-w,0.9842061359986666,True
358405,is-w,is-w,0.984178795949419,True
358471,is-w,is-w,0.9842720239216163,True
358760,is-w,is-w,0.9713675134943991,True
358859,is-w,is-w,0.9808773752356977,True
359146,m-si,m-si,0.8693166762756894,True
359243,is-w,is-w,0.9836909704464144,True
359274,is-w,is-w,0.9836948233697902,True
359334,is-w,is-w,0.9834641533753858,True
359435,is-w,is-w,0.9837081022659755,True
359563,is-w,is-w,0.4931919421164947,True
359700,is-w,is-w,0.9845088547576134,True
359788,is-w,is-w,0.9837979787648343,True
359816,is-w,is-w,0.9841434873122552,True
359859,is-w,is-w,0.9843816470884098,True
359953,is-w,is-w,0.984610677526927,True
360174,is-w,is-w,0.983629170503348,True
360188,is-w,is-w,0.9836882073759986,True
360229,is-w,is-w,0.9840545493413145,True
36047,ss-u,ss-u,0.8720303951410091,True
360794,fx-o,fx-o,0.9595034472941103,True
360851,sp-s,sp-s,0.7803045748717434,True
361443,fx-a,fx-a,0.8194990856165172,True
36161,ss-u,m-m,0.26824271887975093,False
361910,m-si,m-si,0.9014704248845794,True
362186,is-w,is-w,0.9800604140464687,True
362330,fx-h,fx-h,0.7110597785253472,True
362817,fx-o,fx-o,0.9126481447495495,True
362908,fx-o,fx-m,0.8834146074041043,False
363061,is-s,is-s,0.983394106698805,True
36331,m-si,m-si,0.9067226520496611,True
36395,fx-h,fx-h,0.9663594513213395,True
36398,fx-h,fx-h,0.9601805258544562,True
36399,fx-h,fx-h,0.961908550412556,True
36400,fx-h,fx-h,0.9593815894013911,True
36402,fx-h,fx-h,0.9608866656266926,True
364694,fx-n,fx-n,0.8780884437890706,True
36504,is-p,is-e,0.8092867043326606,False
365193,fx-o,fx-o,0.9514055783477217,True
365548,fx-o,fx-o,0.9602707056745391,True
365771,fx-h,fx-h,0.9602814519043253,True
366034,fx-o,fx-o,0.956551384099444,True
366102,is-p,fx-el,0.8133075394775748,False
366177,fx-h,fx-h,0.7227056671017111,True
36628,ss-u,ss-u,0.7727222192453056,True
366576,fx-n,fx-o,0.9538916687773321,False
366595,fx-o,fx-o,0.9587657990140798,True
366757,fx-o,fx-m,0.486841717750161,False
367095,fx-o,fx-o,0.9474968436517178,True
368505,m-sp,m-sp,0.8546052274110085,True
368508,m-sp,m-sp,0.575752763799963,True
368566,is-w,is-w,0.8198444751929068,True
36859,m-sp,m-sp,0.7972688065945535,True
368812,fx-o,fx-o,0.9147389519213608,True
368917,ss-n,ss-n,0.6489579887925753,True
369070,fx-o,fx-o,0.9584371062116881,True
369082,is-p,fx-o,0.8377446793446548,False
369088,is-p,fx-o,0.8812782429660155,False
369238,fx-o,fx-o,0.959799071169338,True
369285,m-si,m-si,0.9161286794467072,True
36937,fx-ex,fx-h,0.8150633916493286,False
369904,fx-ex,sp-p,0.5305828579658899,False
370732,fx-o,fx-o,0.9555419726238616,True
371224,sp-s,sp-s,0.9598071034188604,True
371815,fx-o,fx-o,0.8719289039732925,True
37182,fx-n,fx-n,0.847043059908976,True
37209,fx-n,fx-n,0.9400768506246919,True
372236,sp-s,sp-s,0.8147533960463704,True
37228,fx-a,fx-a,0.5485239984673141,True
372423,is-w,is-w,0.8285433251699039,True
372481,m-si,m-si,0.7602243283843156,True
372586,m-sp,m-sp,0.9441127627604569,True
372646,is-w,is-w,0.9832286690988029,True
372655,is-w,is-w,0.9838162382020093,True
372687,is-w,is-w,0.9838154917013855,True
372703,is-w,is-w,0.9838537318402695,True
372708,is-w,is-w,0.98332987071972,True
372746,is-s,is-s,0.9813548797964042,True
372776,is-s,is-s,0.983695270608828,True
372993,is-w,is-w,0.9841801941499654,True
373298,is-w,is-w,0.9837530203581284,True
373356,is-w,is-w,0.9838199928499609,True
37346,fx-n,fx-n,0.794533064121784,True
37361,ss-n,fx-n,0.760431830205543,False
373612,is-w,is-w,0.9814984747066882,True
373636,is-w,is-w,0.9829788902667259,True
373638,is-w,is-w,0.982125180648351,True
373690,is-k,is-k,0.940371938020372,True
373716,is-k,is-k,0.9048900448747998,True
373719,is-k,is-k,0.8667390631309798,True
373820,is-s,is-s,0.9836587894378714,True
373876,is-s,is-s,0.9845688904844859,True
373882,is-s,is-s,0.9838014602633234,True
373931,is-p,is-p,0.956033094021425,True
373973,is-w,is-w,0.980887561667305,True
373982,is-w,is-w,0.9813970655237002,True
373984,is-w,is-w,0.9821086121918299,True
374069,is-w,is-w,0.9829516068747077,True
374108,is-w,is-w,0.9831457061110642,True
374169,is-w,is-w,0.982790481319336,True
3742,fx-ex,fx-ex,0.8395590592799593,True
374509,is-s,is-s,0.9838735852320379,True
374538,is-s,is-s,0.9835382980366827,True
374703,is-p,is-p,0.940893242824154,True
374706,is-p,is-p,0.8409140423059418,True
374872,is-w,is-w,0.9840408779990655,True
375552,is-p,is-p,0.8829033829543633,True
375717,is-p,is-p,0.9636301704144726,True
376031,m-si,ss-s,0.52686375567572,False
376036,m-sp,m-sp,0.9475687786473473,True
376926,fx-n,fx-o,0.38947046662301,False
377137,fx-h,fx-h,0.9672844069889148,True
377264,sp-s,sp-s,0.9580572983650573,True
377386,is-p,is-p,0.9635894114960231,True
377525,fx-m,fx-m,0.8714075368249075,True
37799,sp-c,ss-i,0.5650051157665561,False
378262,fx-n,fx-n,0.9402948476003523,True
378558,fx-ex,is-p,0.7520599230792658,False
378568,fx-o,fx-o,0.9572609204512622,True
37890,m-sp,m-sp,0.9410195104687084,True
379013,fx-o,fx-o,0.947843776698756,True
379058,fx-o,fx-o,0.9573641892609259,True
37943,fx-o,fx-o,0.8192828339454632,True
379507,fx-o,fx-n,0.7191305844726401,False
379969,sp-c,sp-c,0.6184966639215326,True
380047,m-m,ss-s,0.7041720996872656,False
380806,fx-a,ss-n,0.7472533030500708,False
38104,m-m,m-m,0.9098037552775995,True
381483,is-k,is-k,0.9602768135479678,True
38186,sp-p,sp-p,0.9055786398584058,True
382411,is-e,is-k,0.9437204572943431,False
382451,is-k,is-k,0.9445217498358802,True
382457,is-k,is-k,0.9565575564674734,True
382485,is-k,is-k,0.9616043778061354,True
382495,is-k,is-k,0.9618894380532789,True
382501,is-k,is-k,0.9613403481346232,True
382511,is-k,is-k,0.9620703062895999,True
382536,is-k,is-k,0.9603192099682427,True
382537,is-k,is-k,0.9612880540330393,True
382541,is-k,is-k,0.9618113956395729,True
382589,ss-u,fx-h,0.942307281803998,False
382669,fx-o,fx-n,0.8136327640266812,False
38269,is-p,is-e,0.6258400357710153,False
38271,is-p,is-p,0.7762893372970155,True
382831,is-p,is-p,0.9635891025418143,True
382879,is-p,is-p,0.9583686723010807,True
382883,is-p,is-p,0.9637305874046902,True
38297,ss-n,ss-n,0.8312483230829194,True
38318,is-e,is-e,0.6496849015794226,True
383237,fx-h,fx-h,0.9616904667057107,True
3835,is-e,is-e,0.7804657234997855,True
383547,is-s,is-s,0.9832115709574311,True
383576,is-s,is-s,0.9814327632691141,True
383688,is-s,is-s,0.9825310202140043,True
383742,fx-h,fx-h,0.9222803675241418,True
38465,m-si,is-s,0.4927679815750035,False
385031,m-m,m-m,0.823830742086737,True
38561,ss-n,ss-n,0.7869108453127438,True
3857,ss-s,ss-s,0.5563893666944411,True
38571,fx-n,fx-n,0.9162450311504575,True
38590,ss-u,ss-u,0.5871491613928217,True
38610,is-e,is-e,0.5431440282269874,True
386120,fx-o,fx-o,0.8903482311417743,True
386179,fx-m,fx-m,0.8931771345095113,True
386249,fx-m,fx-m,0.7740281332367146,True
386254,fx-m,fx-m,0.8950063308198294,True
386279,fx-m,fx-m,0.8268553586308114,True
386287,fx-m,fx-m,0.7506282353019652,True
386290,fx-m,fx-m,0.7745328828067639,True
38633,is-p,is-p,0.8072063747806084,True
386358,fx-m,fx-m,0.8149926795141971,True
386574,fx-n,fx-n,0.9164364524704199,True
386607,fx-h,fx-h,0.9661396866920787,True
386734,fx-el,fx-o,0.5782232569641567,False
387760,is-p,is-p,0.9635292211569239,True
387774,is-p,is-p,0.96272999153528,True
387781,is-p,is-p,0.9577619208517859,True
388252,fx-h,fx-h,0.9611500359937046,True
38851,m-si,m-si,0.9121832251358455,True
388594,is-p,is-p,0.9542828585316927,True
3891,fx-el,is-e,0.6606147357591319,False
38943,m-sp,m-sp,0.8692498361561724,True
389518,fx-n,fx-n,0.9147190940790848,True
38969,ss-s,ss-s,0.9508776559962039,True
389762,fx-o,fx-o,0.9588300645154255,True
39,fx-o,fx-o,0.9003029704344648,True
390166,fx-o,fx-o,0.9552260939386897,True
390700,fx-o,fx-o,0.9583540229652481,True
390706,fx-o,fx-o,0.9586822679495155,True
390715,fx-o,fx-o,0.9583131496785959,True
391293,sp-s,fx-h,0.3786783490206838,False
39151,is-k,is-k,0.9587608309661745,True
39168,is-k,is-k,0.9646989741037031,True
391842,fx-o,fx-o,0.9573062337809681,True
39197,is-k,is-k,0.9651949109305769,True
39206,is-k,is-k,0.9651270361485068,True
3924,is-e,is-e,0.5533583191850436,True
3931,is-e,is-e,0.6348459864136676,True
39327,m-sp,m-sp,0.9405991737094912,True
39388,fx-o,fx-o,0.8317735953362748,True
39424,m-sp,m-m,0.72323728861731,False
394327,fx-n,fx-n,0.8940058162494869,True
39441,fx-n,fx-n,0.919534189400677,True
394770,fx-o,fx-o,0.9568257312530963,True
395062,m-sp,m-sp,0.9296048044065831,True
39519,sp-s,sp-s,0.9605107363996664,True
3952,fx-el,fx-el,0.7276758411847627,True
39531,fx-m,fx-m,0.841966939654958,True
395413,fx-h,fx-h,0.9506032479724477,True
39651,ss-n,ss-n,0.8815285779170179,True
396530,fx-o,fx-o,0.6598452324947003,True
39671,ss-n,ss-n,0.8005287892919446,True
396977,sp-c,sp-c,0.44128289480251137,True
397375,fx-ex,fx-ex,0.8782061474736462,True
397435,fx-h,fx-h,0.9650357615819404,True
397673,fx-h,fx-h,0.969345649954281,True
397920,fx-o,fx-o,0.9578564513578016,True
39832,ss-n,ss-n,0.7779363358311157,True
398498,m-sp,fx-o,0.9300632093072176,False
39875,fx-n,fx-n,0.8921062113020357,True
399045,is-e,is-k,0.49460740787894614,False
399048,is-e,is-k,0.4966460207960699,False
39932,ss-u,ss-i,0.5491605135641648,False
399464,m-m,m-m,0.9228759651652896,True
399494,is-s,is-s,0.9805113605429568,True
399506,is-s,is-s,0.9831182639556777,True
399536,ss-u,ss-u,0.7630624814309936,True
399583,fx-n,fx-n,0.9441081550784917,True
39980,fx-a,fx-a,0.7241611181010295,True
39983,fx-v,fx-v,0.7730698702167424,True
40004,m-si,m-si,0.6382062692781132,True
40016,m-si,m-si,0.7221409686032242,True
400356,fx-h,fx-h,0.8735922010457908,True
40049,m-si,m-sp,0.6654757080892133,False
400586,fx-h,fx-h,0.9661552760984515,True
40067,m-si,m-si,0.7841756051250183,True
400697,fx-el,fx-el,0.7907001722880217,True
400734,sp-s,sp-s,0.9458545880533651,True
400742,sp-p,sp-s,0.5694952694104767,False
400867,fx-m,fx-m,0.8568092210388063,True
40100,m-si,m-si,0.7538327471705466,True
401138,fx-o,fx-o,0.8653422641237307,True
40132,ss-n,fx-n,0.9351956581377692,False
401341,sp-s,sp-s,0.9030143216307897,True
40143,m-m,m-si,0.44980379369310997,False
401605,fx-h,fx-h,0.9584411826275568,True
402128,fx-n,fx-n,0.7323855125536796,True
402555,sp-p,sp-p,0.3990175167631557,True
402649,m-m,m-m,0.8244552902632876,True
403574,fx-o,fx-o,0.9588018264363167,True
40387,m-sp,m-sp,0.5836959160957232,True
40402,m-sp,is-p,0.49876191887222276,False
40405,m-si,m-si,0.8094197475548525,True
40430,m-si,m-si,0.7902366458089288,True
40446,m-si,m-si,0.9102974975775577,True
40448,m-si,m-si,0.9134766654910489,True
4052,sp-s,sp-s,0.950450125476056,True
4053,sp-s,sp-s,0.9432515150552874,True
40531,m-si,m-si,0.6464173046502153,True
40565,ss-u,ss-u,0.8370671424725545,True
405662,fx-o,fx-o,0.9423937018825166,True
407028,fx-n,fx-n,0.9416943072744873,True
4080,fx-ex,fx-ex,0.8401801570324603,True
40829,ss-n,ss-n,0.8984576548179021,True
40831,ss-n,ss-n,0.8970668115785209,True
40835,ss-n,ss-n,0.8938083686882132,True
408562,fx-o,fx-o,0.9579491411597971,True
408708,fx-o,fx-o,0.9503413478581411,True
409150,fx-o,fx-o,0.9473331836780516,True
40966,ss-u,sp-c,0.4274541182402308,False
40988,is-e,is-e,0.8784931415544486,True
40998,is-e,is-e,0.8357808440331773,True
410145,fx-a,m-si,0.7182789636380862,False
41053,m-sp,m-sp,0.6270634202265979,True
41068,m-sp,m-sp,0.8568840045218546,True
41076,m-m,m-m,0.4654774373892151,True
410868,fx-h,fx-h,0.9545189254358517,True
411018,fx-h,sp-c,0.41098771050143634,False
411025,fx-o,fx-o,0.9547597927108109,True
411737,fx-o,fx-o,0.936179985154635,True
412528,fx-n,fx-n,0.9435252013625354,True
412542,fx-o,fx-o,0.8975329543206655,True
413209,m-si,m-si,0.9162235202058918,True
413244,m-sp,m-sp,0.9488857826896216,True
41360,sp-s,sp-s,0.9174533492184279,True
41365,fx-n,fx-n,0.9073579993066943,True
414752,m-sp,m-sp,0.7232774511286453,True
414805,m-si,m-si,0.7639112210749228,True
41515,is-s,is-s,0.97947824714613,True
415379,is-s,is-s,0.560211916739891,True
415428,m-si,m-si,0.834725935851122,True
415460,is-s,is-s,0.5672101539498595,True
415475,m-si,m-si,0.6658904684422583,True
41580,fx-h,fx-h,0.9683882101962391,True
41588,m-sp,m-sp,0.9381994830914714,True
41600,sp-p,sp-p,0.9189421558474675,True
416241,sp-s,sp-s,0.9084887529604166,True
416286,fx-o,fx-o,0.958442994816993,True
416364,m-sp,m-sp,0.9478336555749797,True
416430,is-k,is-k,0.9645710844478028,True
416507,fx-h,fx-h,0.8378402914225047,True
416703,fx-h,fx-h,0.966735502022922,True
41708,ss-s,fx-ex,0.7755890981161221,False
41714,fx-ex,fx-ex,0.4205166833368764,True
417755,m-sp,m-sp,0.813729998312995,True
4179,fx-ex,fx-ex,0.845338257678824,True
4180,fx-ex,fx-ex,0.8310692611806914,True
418011,fx-m,fx-m,0.899015642894881,True
418407,m-si,m-si,0.8954245465320791,True
418622,m-si,m-si,0.9040280091786992,True
418905,fx-o,fx-o,0.9564075165368682,True
418949,m-sp,m-si,0.8782732723005486,False
418994,m-sp,m-sp,0.9497565965717099,True
419005,m-sp,m-sp,0.948672362126614,True
419738,fx-n,fx-n,0.9379630414679841,True
41978,ss-i,ss-i,0.5818267542676216,True
419972,fx-o,fx-o,0.9557555945906128,True
420264,m-sp,m-sp,0.9451903616166721,True
420312,fx-n,fx-n,0.7575468817698435,True
420315,fx-n,fx-n,0.9203807698717144,True
420942,fx-n,fx-n,0.8990728052710517,True
421723,fx-h,fx-h,0.9665706774288563,True
422137,m-si,m-si,0.3350052196347769,True
4231,sp-p,fx-ex,0.7322126122688056,False
423148,fx-n,fx-n,0.9165645662128246,True
42342,sp-p,sp-p,0.9161024941297136,True
423473,m-si,m-si,0.8477646416153825,True
42351,sp-p,sp-p,0.894551001685865,True
423848,m-sp,m-sp,0.943874112530304,True
424395,m-si,m-si,0.9003233628325301,True
425154,m-si,m-si,0.49007730094740704,True
425676,fx-o,fx-o,0.9548240697118423,True
427196,m-si,m-si,0.8715291480470224,True
427387,fx-o,fx-n,0.5379404967704782,False
427559,m-sp,m-sp,0.9470219781075819,True
427699,fx-h,fx-h,0.95646540679032,True
42797,ss-i,ss-i,0.712477826872771,True
42813,fx-n,fx-n,0.8564966587970859,True
42815,fx-n,fx-n,0.9291634381686164,True
428299,m-si,m-si,0.9128136723728385,True
4285,is-s,is-s,0.9388333938941272,True
428753,fx-h,fx-h,0.9683259418745805,True
428784,fx-h,fx-h,0.9692683268391509,True
4288,is-s,is-s,0.9771758112056051,True
428995,fx-h,fx-h,0.9702109911929602,True
429057,m-si,m-si,0.9233886298445894,True
429075,fx-h,fx-h,0.9642907293296336,True
429857,m-si,m-si,0.9264621300071074,True
430046,fx-h,fx-h,0.9658298282941218,True
431203,m-sp,m-sp,0.9502510097422757,True
431355,m-si,m-si,0.9152458799824272,True
43213,m-si,m-si,0.8554327472200594,True
432405,m-sp,m-sp,0.9450578968848315,True
43259,m-sp,m-sp,0.9458933549293302,True
432874,fx-ex,fx-h,0.9481298086424108,False
433887,fx-n,fx-n,0.7974894552016737,True
434108,fx-h,fx-h,0.9566466089728399,True
434449,fx-o,fx-o,0.9566781517265964,True
434603,m-sp,m-sp,0.860907415532092,True
43673,fx-o,fx-o,0.9572965044050701,True
43779,fx-n,fx-n,0.5249246694240288,True
43818,fx-h,fx-h,0.9588627375806817,True
43890,ss-u,ss-u,0.41520139125821365,True
43983,m-sp,m-sp,0.9386005519762375,True
43998,m-sp,m-sp,0.5221739214051808,True
439993,m-sp,m-sp,0.9006090565006399,True
439994,m-sp,m-sp,0.908893350217401,True
439996,m-sp,m-sp,0.8780220940442351,True
4405,fx-ex,m-sp,0.3139774645877331,False
44050,fx-o,fx-m,0.4976784256815156,False
44124,ss-u,ss-u,0.8351235074429851,True
44264,fx-h,fx-h,0.9670314890858057,True
44266,fx-h,fx-h,0.962180436855357,True
4431,fx-ex,fx-ex,0.44026799959798213,True
44354,m-si,m-si,0.9272504126157368,True
44365,is-s,is-s,0.9782190480194259,True
44655,ss-i,ss-u,0.5034805800577211,False
447685,m-sp,m-sp,0.9261356993223858,True
44910,m-m,m-m,0.920252161393828,True
44962,is-p,is-p,0.9645028414987233,True
45065,is-p,is-p,0.9642685257570592,True
45078,is-p,is-p,0.9650534809382053,True
45112,sp-s,sp-s,0.909812980949544,True
45115,ss-u,sp-s,0.8321634598128165,False
45125,sp-s,sp-s,0.8940277963823636,True
45405,fx-o,fx-n,0.9227629749027313,False
454617,m-si,m-si,0.9146457959043847,True
45464,m-si,m-si,0.8787977974136201,True
45583,ss-s,ss-s,0.3402449613738831,True
458030,m-sp,m-sp,0.943417472390232,True
458036,m-sp,m-sp,0.6472821121371208,True
4581,m-sp,m-sp,0.9095835582925886,True
45819,fx-o,fx-o,0.9588684641269941,True
45906,sp-c,ss-u,0.7883147299568639,False
45907,sp-c,fx-h,0.8642271937563418,False
45917,m-m,m-m,0.931622803130643,True
45923,sp-c,sp-c,0.4302263294012083,True
45946,m-sp,m-sp,0.9415102294192133,True
459706,m-m,m-m,0.9340653904574803,True
460197,m-si,m-si,0.9055495985080224,True
46352,fx-o,fx-o,0.955201097256141,True
464388,m-si,m-si,0.46740824859443125,True
466111,m-si,m-si,0.9004136402714467,True
46722,fx-m,fx-m,0.8950341064922966,True
46731,ss-u,ss-u,0.4947058541540409,True
46962,fx-h,fx-h,0.9613004382493211,True
47048,fx-o,fx-o,0.9443952859541873,True
47230,ss-u,ss-u,0.8604278063758756,True
47287,sp-s,sp-s,0.7923746947792774,True
47303,m-sp,m-sp,0.9340980835270865,True
474399,m-m,m-m,0.9447090675302723,True
474400,m-m,m-m,0.9455812259164738,True
47668,fx-o,fx-o,0.8987938165235818,True
47675,fx-o,fx-o,0.8829031699139905,True
476977,m-si,m-si,0.7283949058182242,True
477025,m-si,m-si,0.8914052691045746,True
477072,m-m,m-si,0.5257548878550173,False
477099,m-m,m-m,0.7702869132328645,True
477115,m-m,m-si,0.6757561429843967,False
477228,m-m,m-si,0.9035770136246924,False
477302,m-m,m-m,0.8782390952205434,True
477304,m-si,m-si,0.5166841933863229,True
477305,m-si,m-si,0.8533704198348874,True
477659,ss-s,ss-s,0.8805091405653664,True
47874,fx-h,fx-h,0.7769282336802138,True
479410,m-si,m-si,0.9218818949602902,True
48056,fx-ex,fx-ex,0.7017489249559804,True
480646,m-sp,m-sp,0.949339781109989,True
48084,fx-ex,fx-ex,0.8683648360921241,True
480889,m-m,m-sp,0.59088232599187,False
482689,m-si,m-si,0.8851039402204963,True
485473,m-sp,m-sp,0.9389525011461867,True
48589,fx-m,fx-m,0.6774505927750635,True
48703,ss-u,ss-u,0.41029033605598964,True
48989,ss-u,fx-v,0.7612084173356585,False
49020,ss-u,ss-u,0.29866582081759774,True
491273,ss-s,m-si,0.21621470324078515,False
494131,m-m,m-m,0.7206238858062392,True
49661,ss-u,ss-i,0.518408127248372,False
50050,ss-u,ss-u,0.8512922164230334,True
50123,ss-u,ss-u,0.7362171303819736,True
50124,ss-n,ss-n,0.867792677392656,True
50161,fx-ex,fx-ex,0.5200675952359403,True
50194,fx-h,fx-h,0.6398743210865572,True
50201,fx-h,fx-h,0.738002523406182,True
50274,fx-h,fx-h,0.8526994360915243,True
50389,sp-p,sp-s,0.663124946409378,False
50422,sp-s,ss-i,0.49391350752676794,False
51035,fx-n,fx-n,0.6162279639377228,True
5105,m-m,m-m,0.6816859716278664,True
5108,m-m,m-m,0.7050355384648439,True
51354,ss-u,ss-u,0.8859783944323805,True
51397,is-e,is-e,0.5265069147730935,True
51413,ss-u,ss-u,0.8732669234544316,True
51445,fx-o,fx-o,0.9555035177654077,True
5146,m-sp,m-sp,0.9452972803535165,True
5153,m-sp,m-sp,0.942427752206356,True
51680,ss-u,ss-u,0.764389213829086,True
51691,ss-n,ss-u,0.7235762262751093,False
5187,m-sp,m-sp,0.9404445655918015,True
5194,m-sp,m-sp,0.9448845312431068,True
52268,fx-o,fx-o,0.9579543775320654,True
52404,ss-u,sp-c,0.33358224363658623,False
5302,is-e,is-e,0.8568654032507617,True
53296,m-m,m-m,0.8920377220068161,True
53474,fx-v,fx-v,0.6644649801167228,True
53493,fx-n,fx-n,0.8929572950151552,True
53798,fx-m,fx-m,0.6622114490727102,True
54213,is-s,m-si,0.5631751000464671,False
54253,m-si,m-si,0.9133754076139124,True
54256,m-si,m-si,0.9136147197561097,True
54417,fx-ex,fx-ex,0.4405307596113991,True
54523,ss-u,ss-n,0.7674768212980799,False
5514,fx-el,fx-el,0.886790980736127,True
55239,sp-c,ss-i,0.629828767529341,False
55439,fx-v,ss-u,0.7659279128163694,False
5560,fx-n,fx-n,0.9271056011039425,True
55721,is-s,is-s,0.9770603918724406,True
55990,is-s,is-s,0.984180209412053,True
56165,ss-n,ss-n,0.7193127133463909,True
56404,ss-u,ss-u,0.8538357250264059,True
5649,m-si,m-si,0.8149992412283649,True
56513,ss-n,fx-a,0.7100645504570217,False
56520,ss-i,ss-u,0.6980373732748949,False
56552,fx-a,fx-a,0.6819166780484195,True
5662,fx-el,fx-el,0.7902433541934005,True
5682,fx-el,fx-el,0.8923461935405179,True
56966,fx-n,fx-n,0.8600244695928344,True
56977,fx-o,fx-o,0.8513826828985855,True
57395,fx-o,is-p,0.9019056455233588,False
57496,fx-o,fx-o,0.956382329931387,True
57515,fx-o,fx-o,0.9348168570241627,True
57587,fx-h,fx-h,0.9608240092651343,True
57735,ss-u,ss-u,0.49603241957739364,True
57770,ss-u,ss-u,0.42382158577089085,True
57814,fx-h,fx-h,0.9379863095420562,True
5798,m-si,ss-s,0.686880641299239,False
5804,m-m,is-e,0.635286172625477,False
58059,is-s,is-s,0.9827645601245149,True
58069,is-s,is-s,0.9817785868450137,True
58079,is-s,is-s,0.981698851658183,True
58100,is-s,is-s,0.9826506727741885,True
5813,ss-s,ss-s,0.46637250966112287,True
58174,sp-p,sp-s,0.5266151199527913,False
58231,ss-n,ss-n,0.6359089666882997,True
58272,fx-n,fx-n,0.9352126743586023,True
58364,ss-n,ss-n,0.7264163470584692,True
58501,fx-a,fx-a,0.6663542794404282,True
58503,fx-n,fx-n,0.9140897024989343,True
58578,m-sp,m-sp,0.7843418259162789,True
58654,m-sp,m-sp,0.9027988806286938,True
58948,ss-u,ss-n,0.4076221071766195,False
58997,fx-ex,fx-ex,0.2284151372689788,True
59012,ss-i,sp-c,0.4998450418473334,False
59063,m-si,m-si,0.8244556927923574,True
59122,m-si,m-si,0.8888199643433712,True
59158,is-p,is-p,0.9350525484514769,True
59244,fx-m,fx-m,0.2899682582295828,True
59310,m-sp,m-sp,0.8937051099389445,True
59457,fx-h,fx-h,0.9668445307899912,True
59577,ss-i,sp-p,0.4371230346429405,False
59773,m-si,m-si,0.4673516738173874,True
60052,fx-v,fx-v,0.7391974559433795,True
60392,fx-o,fx-o,0.9560769238006663,True
60593,fx-n,fx-n,0.8589974631979718,True
60695,m-si,m-si,0.9174488028679644,True
60770,fx-o,fx-o,0.949788529665943,True
60777,fx-h,fx-h,0.9640855883504784,True
60778,fx-h,fx-h,0.9579283201690701,True
60780,fx-h,fx-h,0.9597535023424468,True
60781,fx-h,fx-h,0.9615296637752044,True
61181,fx-v,fx-v,0.682590165216068,True
61531,is-p,is-p,0.9652731935283863,True
61719,sp-s,sp-s,0.9624984807069392,True
61728,sp-s,sp-s,0.9274106644171048,True
61734,sp-s,sp-s,0.9575451667609837,True
61736,sp-s,sp-s,0.9553961714892487,True
61740,sp-s,sp-s,0.953997646497841,True
61746,sp-s,sp-s,0.9407453902506668,True
61751,sp-s,sp-s,0.9610592400951236,True
61762,sp-s,sp-s,0.9545164386501973,True
61768,sp-s,sp-s,0.9589688526699767,True
61776,sp-s,sp-s,0.9616272546317667,True
61778,sp-s,sp-s,0.9569287423466359,True
61785,sp-s,sp-s,0.9589454466549668,True
61787,sp-s,sp-s,0.9625030299965436,True
61859,fx-ex,fx-ex,0.8873252152112794,True
61871,fx-ex,fx-ex,0.8627340359806572,True
61914,fx-ex,fx-ex,0.8853510962430798,True
6203,fx-el,fx-el,0.47436211341265205,True
62031,fx-v,fx-v,0.6993614348782257,True
62118,fx-n,fx-n,0.6775682713248312,True
62256,fx-a,fx-a,0.752752649034352,True
62273,is-k,is-k,0.9330377445661899,True
6230,is-e,fx-el,0.7007936103069234,False
62360,sp-p,sp-p,0.9197831570217858,True
62457,sp-c,ss-i,0.44133552739675136,False
62478,ss-u,sp-c,0.6732081306050528,False
62479,sp-c,sp-c,0.7615661922694488,True
62556,fx-n,fx-n,0.8827118234282553,True
62591,fx-h,fx-h,0.7522114153819579,True
62854,ss-u,ss-i,0.7209129729583944,False
63466,fx-o,fx-o,0.9592775037300004,True
63709,sp-p,ss-u,0.5609850238772811,False
63796,m-sp,m-sp,0.9002326762850984,True
6388,is-e,is-e,0.8494985613496562,True
64184,fx-n,ss-n,0.5788295511150547,False
642,fx-o,fx-o,0.4975423528892013,True
64205,ss-u,ss-u,0.8652299661837585,True
64238,is-e,is-e,0.8375111177090332,True
64249,is-k,is-e,0.8243929420916152,False
64253,is-e,is-e,0.8638243326664821,True
64290,is-e,is-e,0.8678659879934774,True
64387,fx-h,fx-h,0.6526383805891026,True
64551,is-p,is-p,0.9578594408715138,True
64607,m-m,m-m,0.8926290664256042,True
64716,m-si,m-si,0.9143504373212623,True
64777,is-s,m-si,0.914463496721676,False
64781,m-si,m-si,0.9186027501565917,True
64815,m-si,m-si,0.8282307773350105,True
64819,m-si,m-si,0.9289702471297083,True
64876,is-e,is-e,0.5368288676875664,True
64958,m-sp,m-sp,0.8339099643262429,True
64959,m-sp,m-sp,0.8817683799129441,True
6505,ss-u,ss-u,0.7169752822605765,True
6506,fx-m,fx-m,0.8357208533638889,True
6517,fx-ex,fx-ex,0.8673173793426093,True
65171,fx-n,fx-o,0.536260242845897,False
65339,ss-u,ss-u,0.4662552348739048,True
65433,ss-i,ss-i,0.6103887177259747,True
65518,fx-h,fx-h,0.9681480354577667,True
65519,fx-h,fx-h,0.9639124783428832,True
65650,is-k,is-k,0.9513538022211865,True
65654,is-k,is-k,0.956721156886654,True
65724,is-k,is-k,0.93561331574469,True
65725,is-k,is-k,0.9324685342964898,True
65726,is-k,is-k,0.9212389859961932,True
65873,is-s,is-s,0.9784471872966616,True
65895,fx-h,fx-h,0.9695166863394329,True
65934,fx-n,fx-n,0.6145587512163624,True
66104,ss-u,ss-u,0.5639998666126935,True
66155,fx-o,fx-o,0.9544656819413392,True
66333,fx-h,fx-h,0.9709230521484795,True
66494,fx-ex,fx-ex,0.4481904534077826,True
66598,ss-u,ss-u,0.8625898228564951,True
66622,fx-m,fx-m,0.8479840568086159,True
667,m-si,m-si,0.9168728909095784,True
66785,ss-n,ss-n,0.8364356053520261,True
66884,fx-ex,m-sp,0.9125824302184069,False
67306,sp-c,sp-s,0.40627192438174464,False
67341,sp-s,sp-s,0.9586816201873981,True
67345,sp-s,sp-s,0.9605271980967174,True
675,m-si,m-si,0.9184276559127491,True
67740,sp-s,sp-s,0.9581079222049732,True
67828,fx-n,fx-n,0.935064179617268,True
67843,ss-s,ss-s,0.8988065328660259,True
67861,ss-s,ss-s,0.9416079246717478,True
67865,ss-s,ss-s,0.9443682783522208,True
67954,fx-ex,m-si,0.2773270550441339,False
67998,m-si,m-si,0.6672121213277109,True
68058,sp-c,fx-h,0.9560918290144738,False
68416,ss-s,ss-s,0.9372630690696306,True
68424,ss-s,ss-s,0.9460880774026407,True
68446,is-k,is-k,0.9516596815070804,True
68448,is-k,is-k,0.9586730614461987,True
68654,fx-o,fx-o,0.9589550037893672,True
68664,fx-o,fx-o,0.9587140862005054,True
68688,fx-h,fx-h,0.9155445050281619,True
68705,fx-o,fx-o,0.9531895365568956,True
68722,fx-h,fx-h,0.9679312745575459,True
68724,fx-o,fx-o,0.8951976621250273,True
68729,fx-n,fx-n,0.934638191294251,True
69,fx-h,fx-h,0.9196098455099462,True
69160,fx-m,fx-m,0.49936424910706084,True
69246,fx-o,fx-n,0.5007556135594398,False
69426,m-si,m-sp,0.7975034772417398,False
69590,m-si,m-si,0.8472187403844298,True
6961,m-sp,m-sp,0.6091695375027837,True
69690,m-si,fx-m,0.4561611375221249,False
6973,m-m,m-si,0.3913090337622979,False
69769,ss-u,ss-u,0.8021017473477654,True
69813,m-sp,m-sp,0.9372667822081162,True
69961,ss-u,ss-u,0.8571616626520402,True
70025,m-si,m-si,0.8646864096747942,True
70301,fx-a,ss-n,0.7175337574679223,False
70308,ss-n,ss-n,0.8179021089322542,True
70823,is-k,is-k,0.9566288424695466,True
70983,fx-v,fx-v,0.7684983601861437,True
71046,ss-u,ss-u,0.7158894043481803,True
71138,m-sp,m-sp,0.9163184514631979,True
71600,sp-c,sp-c,0.7415041784422405,True
71709,ss-u,ss-u,0.6784200632690894,True
71796,fx-o,fx-o,0.9215027130257617,True
71862,ss-i,fx-h,0.9577334548467356,False
71864,ss-u,ss-u,0.8411470579449762,True
72011,ss-u,ss-u,0.7090934336149515,True
721,fx-h,fx-h,0.6585149219893497,True
72302,ss-s,ss-s,0.9485416686621733,True
72340,ss-s,ss-s,0.9475264601942504,True
72678,fx-n,fx-n,0.6148686733459751,True
72838,fx-h,fx-h,0.9657776681466217,True
72839,fx-h,fx-h,0.96667206595053,True
72842,fx-h,fx-h,0.9654431675520876,True
72879,sp-s,sp-s,0.961550378621995,True
72882,sp-s,sp-s,0.958906716519572,True
72883,sp-s,sp-s,0.9579044557337065,True
72884,sp-s,sp-s,0.9584308013035534,True
73006,ss-n,ss-n,0.8582823096329673,True
73090,fx-o,fx-o,0.9447760517526766,True
73115,fx-m,fx-m,0.5343266271122422,True
7313,ss-u,ss-u,0.7608135732528079,True
73257,fx-o,fx-o,0.8017066639419168,True
73712,ss-n,fx-n,0.47594509733441714,False
73735,m-m,m-m,0.6846273103395383,True
74380,m-sp,m-sp,0.9357738980123391,True
74391,fx-ex,fx-m,0.22091633723116036,False
74697,fx-h,fx-h,0.9645591610046921,True
74952,m-m,m-si,0.8262313861782348,False
75228,is-s,is-s,0.7862507735554384,True
7542,ss-i,ss-u,0.8756639131146452,False
7547,fx-h,sp-s,0.8933071000595071,False
75525,fx-ex,fx-h,0.5500965435801902,False
75628,fx-m,fx-m,0.5233591664250523,True
75855,m-m,m-m,0.8231464993619577,True
75949,fx-n,fx-n,0.9413723626303954,True
7601,is-e,is-e,0.8727092110511118,True
76169,ss-u,ss-u,0.8820359001900652,True
76285,ss-i,ss-i,0.7302095354274752,True
76293,m-si,m-si,0.91087986747585,True
76322,ss-i,ss-i,0.715870061856332,True
76429,fx-n,ss-u,0.8153504070154074,False
76449,fx-n,fx-n,0.7199286754442642,True
76539,m-m,m-m,0.665765333204963,True
76567,ss-n,ss-n,0.8353433518825037,True
76568,ss-u,ss-u,0.855637838426612,True
76600,sp-s,sp-s,0.8442709276995132,True
76609,sp-c,sp-c,0.44452255773581184,True
76645,sp-c,sp-s,0.9049288848867008,False
76667,sp-c,sp-s,0.5606297305431492,False
76673,sp-s,sp-s,0.7622627074036586,True
76892,ss-n,ss-u,0.8661898608439721,False
77,fx-h,fx-h,0.9585760239438634,True
77140,is-k,is-k,0.5404598612268771,True
77584,m-si,m-m,0.5261493083757078,False
77668,ss-u,fx-v,0.7894869807463826,False
77747,m-m,m-m,0.9379747001863888,True
77912,fx-v,fx-v,0.7836355393928724,True
78217,is-p,is-p,0.9625093273098958,True
78630,ss-s,m-sp,0.8232244939683969,False
78631,m-sp,m-sp,0.8678146518161851,True
78749,m-sp,m-sp,0.8299649876185523,True
78804,ss-n,ss-n,0.7696300168631175,True
78840,fx-el,fx-ex,0.7045234162147994,False
78846,fx-ex,fx-ex,0.7014858276615157,True
78877,fx-ex,fx-ex,0.563131612107755,True
78924,fx-n,fx-n,0.8412693344528817,True
79031,fx-o,fx-o,0.8655731814840186,True
79145,fx-n,fx-n,0.9327610125111911,True
79236,fx-m,fx-m,0.6143513904770809,True
79454,ss-s,ss-s,0.9488205414776578,True
79470,ss-s,ss-s,0.9499515724603406,True
79480,ss-s,ss-s,0.9517632756266409,True
79636,fx-ex,fx-ex,0.6507205660453844,True
79771,fx-h,fx-h,0.9704417835300836,True
80119,fx-o,fx-o,0.9537683900910514,True
80190,sp-s,sp-s,0.9596689518431673,True
80203,sp-s,sp-s,0.9592055020569816,True
80317,ss-u,ss-u,0.42243818515097525,True
80526,m-sp,m-sp,0.8889274401874514,True
80714,ss-n,ss-n,0.4911449309124028,True
80782,fx-a,fx-a,0.753644190428713,True
80790,ss-n,fx-a,0.4674591495058241,False
80822,ss-u,ss-u,0.4929458376758854,True
81029,fx-n,fx-n,0.9450315203844826,True
81101,fx-m,fx-m,0.8200834068400449,True
81246,is-p,is-p,0.9631613126124796,True
81297,ss-s,ss-s,0.9568151583851476,True
81369,ss-s,ss-s,0.9545321334277469,True
81652,is-p,is-p,0.9618417890877053,True
818,is-s,is-s,0.9729662230790563,True
81992,is-e,is-e,0.8651772118962437,True
82177,m-si,m-si,0.9170752433759317,True
82283,ss-n,ss-u,0.7170431414709665,False
82361,fx-h,fx-h,0.9589535270010907,True
8241,is-e,is-e,0.8790268605891466,True
82700,ss-u,ss-u,0.5237515341526143,True
82716,fx-o,fx-o,0.9446150663726609,True
83,fx-h,fx-h,0.9219142433851925,True
83058,fx-n,fx-n,0.8912411949482891,True
83124,is-k,is-k,0.9648327986717511,True
83132,is-k,is-k,0.9666257754031964,True
83408,is-p,is-p,0.958919643832083,True
83703,fx-o,fx-o,0.9509091083167478,True
83974,fx-h,fx-h,0.9011861553095406,True
84028,is-p,is-p,0.9643240847624719,True
84067,is-p,is-p,0.9630485976224126,True
84084,is-p,is-p,0.9623734202315177,True
84090,is-p,is-p,0.9630707745226139,True
84231,is-p,is-p,0.9646394394955349,True
84387,fx-h,fx-h,0.9648681221329543,True
84420,fx-o,fx-o,0.9445494408534154,True
84441,fx-a,fx-a,0.6024825890581144,True
84524,fx-h,fx-h,0.9660111336522725,True
84564,ss-s,ss-s,0.5257066065215092,True
84718,sp-c,sp-c,0.35844430188403875,True
85135,fx-h,fx-h,0.9672518618485825,True
85172,fx-o,fx-o,0.8778232416970827,True
8528,is-s,is-e,0.6145310626459743,False
85335,is-k,is-k,0.956172484074818,True
85804,is-p,is-p,0.9097490453104691,True
85814,fx-o,fx-o,0.9604564564994966,True
85958,sp-s,sp-s,0.552068082113919,True
86396,sp-s,sp-s,0.9441630331386234,True
86429,sp-s,sp-s,0.9395612927906969,True
86431,sp-s,sp-s,0.9366837809070792,True
86439,sp-s,sp-s,0.9242326479337271,True
86462,sp-s,sp-s,0.9529399118559863,True
86465,sp-s,sp-s,0.9258133537141366,True
86466,sp-s,sp-s,0.9478732911388141,True
86580,m-sp,m-m,0.920954857858616,False
86642,sp-c,sp-c,0.44411106731610933,True
86653,m-sp,m-sp,0.9267364493181663,True
86683,fx-h,fx-h,0.9701878852048338,True
86705,m-sp,m-m,0.9197258963186868,False
86720,m-m,m-si,0.527370475485105,False
86737,fx-m,ss-u,0.515053641377787,False
86738,fx-m,ss-u,0.43516617788557915,False
86748,fx-v,fx-v,0.4948401900369837,True
8685,fx-ex,fx-ex,0.7990095656720857,True
86901,m-sp,m-sp,0.7203498242815176,True
87259,sp-s,sp-s,0.9520876262347429,True
87526,ss-i,fx-o,0.4412373833880756,False
87633,sp-s,sp-s,0.9637003036753962,True
87655,sp-s,sp-s,0.9281924119239212,True
87682,sp-s,sp-s,0.9583731542546234,True
87954,fx-n,fx-n,0.8725273215903308,True
88302,ss-u,ss-u,0.8680604524864977,True
88573,fx-a,ss-n,0.5816555509449736,False
88837,fx-o,fx-o,0.9328660938016684,True
88870,fx-o,fx-o,0.942734771309833,True
88895,fx-o,fx-o,0.9575904744230004,True
89118,ss-s,ss-s,0.95238761568427,True
89121,ss-s,ss-s,0.9533268516731315,True
89123,ss-s,ss-s,0.9559980929165661,True
89124,ss-s,ss-s,0.9534011807451293,True
89126,ss-s,ss-s,0.9563599106602275,True
89129,ss-s,ss-s,0.9561374558039877,True
89132,ss-s,ss-s,0.9553213337103031,True
89296,sp-s,sp-s,0.9565794630327028,True
89318,sp-s,sp-s,0.9566834799217949,True
89320,sp-s,sp-s,0.9503572262552321,True
89684,ss-u,ss-u,0.8923492977683951,True
89866,fx-o,fx-o,0.8704980582205826,True
89893,fx-o,fx-o,0.9523253315693442,True
89959,ss-u,ss-u,0.8346578650033004,True
90179,ss-i,ss-i,0.5439636634799033,True
90190,fx-o,fx-el,0.7677832793810496,False
90259,fx-h,fx-ex,0.5478068932110401,False
90263,sp-p,sp-p,0.9038403257535969,True
90358,fx-n,fx-n,0.5612589926878202,True
90435,ss-s,ss-s,0.9504873335316628,True
90438,ss-s,ss-s,0.9499895954276601,True
9056,ss-i,ss-i,0.4438180013665415,True
91073,sp-s,sp-s,0.953867299600066,True
91232,fx-m,fx-o,0.5575613846974179,False
91439,ss-s,ss-s,0.9505823477973877,True
91449,fx-v,ss-u,0.7409556803221993,False
91557,ss-u,fx-v,0.6447387273533438,False
91605,is-p,is-p,0.9613748949232985,True
91672,is-p,is-p,0.9586731715923561,True
91761,fx-o,fx-o,0.6920767450974413,True
9190,fx-h,fx-h,0.9701129168788292,True
92062,m-sp,m-sp,0.9476939662252647,True
92122,is-p,is-p,0.9624681912634548,True
92138,ss-s,ss-s,0.9530173267410786,True
92151,ss-s,ss-s,0.9503737066501913,True
92363,fx-h,fx-h,0.9613929446096077,True
92381,fx-h,fx-h,0.9677116399041598,True
92387,fx-h,fx-h,0.969587671488123,True
92405,fx-h,fx-h,0.9675814214555556,True
92923,sp-s,sp-s,0.9622715945944872,True
92932,sp-s,sp-s,0.9573419586465695,True
92933,sp-s,sp-s,0.9510578332199534,True
93309,fx-a,fx-a,0.5434467515481052,True
93334,fx-n,fx-n,0.7889574626942198,True
93645,sp-p,ss-u,0.39580297326123687,False
93710,ss-n,ss-n,0.678226332605964,True
93854,sp-s,sp-s,0.9596098574604557,True
93868,sp-s,sp-s,0.954564559093235,True
93895,sp-s,sp-s,0.9578655858021794,True
93920,sp-s,sp-s,0.9605390725252747,True
93921,sp-s,sp-s,0.958139422132483,True
94402,ss-u,ss-u,0.8931264406632758,True
94631,ss-u,ss-u,0.8849048711779091,True
94742,fx-o,fx-o,0.9342463226753726,True
95034,ss-n,ss-n,0.8632816130471512,True
95388,m-m,m-m,0.8849925157350826,True
95533,fx-a,fx-a,0.8505543703769185,True
9559,fx-h,fx-h,0.9680303991932314,True
9573,fx-n,fx-n,0.8386373396634262,True
95743,fx-n,fx-n,0.4803307204685733,True
95776,sp-s,sp-s,0.953741942609566,True
95797,sp-s,sp-s,0.9623512957326099,True
95800,sp-s,sp-s,0.9615075094513417,True
95820,ss-n,ss-n,0.9167386693329018,True
95842,ss-u,ss-u,0.7488770982562036,True
95948,ss-u,ss-u,0.7844234021407599,True
96077,ss-n,fx-n,0.8192766410742205,False
96167,fx-o,fx-o,0.9271522725472405,True
9659,fx-h,fx-h,0.9614672240986357,True
9661,fx-h,fx-h,0.9385512093069103,True
9663,sp-s,sp-s,0.746622260460718,True
96784,ss-s,ss-s,0.9553569165312341,True
96991,ss-s,ss-s,0.9520464353163725,True
97301,fx-ex,m-si,0.68761739599172,False
97349,sp-s,sp-s,0.9590989010952263,True
9748,sp-p,sp-p,0.8914766912509208,True
97512,fx-o,fx-o,0.9526261495229326,True
9752,sp-p,sp-p,0.8450219117047831,True
97654,is-s,is-s,0.9822129574932704,True
9823,m-si,m-si,0.31586726857485015,True
98783,fx-o,fx-o,0.8863475472555242,True
98876,ss-u,ss-u,0.8349533975747274,True
98941,ss-n,ss-n,0.888968383897096,True
98994,m-si,m-si,0.803004258277312,True
994,fx-o,fx-o,0.9556290037894615,True
99510,sp-s,sp-s,0.9468417299569077,True
99723,fx-o,is-p,0.7839424436292777,False
99966,fx-h,fx-h,0.9567186944779257,True
